Sample,Charge,genos_id,allotype,construct,IgGIA1H3N3F1,IgGIA1H3N4,IgGIA1H3N4F1,IgGIA1H3N5F1,IgGIA1H3N6F3,IgGIA1H4N2,IgGIA1H4N3,IgGIA1H4N3F1,IgGIA1H4N3F2,IgGIA1H4N4,IgGIA1H4N4F1,IgGIA1H4N4F1S1,IgGIA1H4N4F2,IgGIA1H4N5F1,IgGIA1H4N5F1S1,IgGIA1H4N5F2S1,IgGIA1H5N3F1,IgGIA1H5N4,IgGIA1H5N4F1,IgGIA1H5N4F1S1,IgGIA1H5N4F1S2,IgGIA1H5N4F2,IgGIA1H5N4F2S1,IgGIA1H5N4F3,IgGIA1H5N5F1,IgGIA1H5N5F1S1,IgGIA1H5N5F2,IgGIA1H5N5F3,IgGIA1H6N3F1G1,IgGIA1H6N3F2,IgGIA1H6N5F1,IgGI1H3N3F1,IgGI1H3N4,IgGI1H3N4F1,IgGI1H3N5F1,IgGI1H3N6F3,IgGI1H4N2,IgGI1H4N3,IgGI1H4N3F1,IgGI1H4N3F2,IgGI1H4N4,IgGI1H4N4F1,IgGI1H4N4F1S1,IgGI1H4N4F2,IgGI1H4N5F2S1,IgGI1H5N3F1,IgGI1H5N4,IgGI1H5N4F1,IgGI1H5N4F1S1,IgGI1H5N4F1S2,IgGI1H5N4F2,IgGI1H5N4F2S1,IgGI1H5N4F3,IgGI1H5N5F1,IgGI1H5N5F1S1,IgGI1H5N5F2,IgGI1H5N5F3,IgGI1H6N3F1G1,IgGI1H6N3F2,IgGI1H6N5F1,IgGIILE1H3N3F1,IgGIILE1H3N4,IgGIILE1H3N4F1,IgGIILE1H3N5F1,IgGIILE1H3N6F3,IgGIILE1H4N2,IgGIILE1H4N3,IgGIILE1H4N3F2,IgGIILE1H4N4,IgGIILE1H4N4F1,IgGIILE1H4N4F1S1,IgGIILE1H4N4F2,IgGIILE1H4N5F1,IgGIILE1H4N5F2S1,IgGIILE1H5N3F1,IgGIILE1H5N4,IgGIILE1H5N4F1,IgGIILE1H5N4F1S2,IgGIILE1H5N4F2,IgGIILE1H5N4F2S1,IgGIILE1H5N4F3,IgGIILE1H5N5F1,IgGIILE1H5N5F1S1,IgGIILE1H5N5F2,IgGIILE1H5N5F3,IgGIILE1H6N3F1G1,IgGIILE1H6N3F2,IgGIILE1H6N5F1,IgGIF1H3N3F1,IgGIF1H3N4,IgGIF1H3N4F1,IgGIF1H3N5F1,IgGIF1H3N6F3,IgGIF1H4N2,IgGIF1H4N3,IgGIF1H4N3F1,IgGIF1H4N3F2,IgGIF1H4N4,IgGIF1H4N4F1,IgGIF1H4N4F1S1,IgGIF1H4N4F2,IgGIF1H4N5F1,IgGIF1H4N5F2S1,IgGIF1H5N3F1,IgGIF1H5N4,IgGIF1H5N4F1,IgGIF1H5N4F1S1,IgGIF1H5N4F1S2,IgGIF1H5N4F2,IgGIF1H5N4F2S1,IgGIF1H5N4F3,IgGIF1H5N5F1S1,IgGIF1H5N5F2,IgGIF1H5N5F3,IgGIF1H6N3F1G1,IgGIF1H6N3F2,IgGIF1H6N5F1,IgGI1H4N5F1,IgGI1H4N5F1S1,IgGIILE1H4N3F1,IgGIILE1H4N5F1S1,IgGIILE1H5N4F1S1,IgGIF1H4N5F1S1,IgGIF1H5N5F1,IgGIA1H5N2,IgGIA1H6N2,IgGIA1H6N3F1,IgGIA1H6N3F1S1,IgGI1H5N2,IgGI1H6N2,IgGI1H6N3F1,IgGI1H6N3F1S1,IgGIILE1H5N2,IgGIILE1H6N2,IgGIILE1H6N3F1,IgGIILE1H6N3F1S1,IgGIF1H5N2,IgGIF1H6N3F1,IgGIF1H6N3F1S1,IgGIF1H6N2,type,num
"id_01_2-E,1_01_55390.raw",2,id_01,IgGI,WT,,,,,,,,,,,,,,,,,,,,,,,,,,,,,,,,9571197.984,652963.6664,17799075,1490358.651,82520.90546,356369.3475,975641.3913,7563029.153,749730.9382,440554.8922,20178317,436388.5405,660458.841,44317.31361,4124295.079,286571.366,5917562.957,900697.8753,286611.9906,454955.4843,202180.6157,727466.8322,265580.2823,76799.18061,46316.81734,55805.88789,47000.40242,437221.5346,13360.30466,412340.2709,122908.2961,487031.8947,42793.57412,33989.98158,160901.489,44672.56889,508553.1104,38735.1597,182801.0741,24202.76482,261044.425,95979.81754,22944.22853,308280.7092,12400.81969,55011.42684,6610.188461,101946.4108,16466.96604,9102.142846,43445.19654,17827.06613,9883.855304,6085.639626,27812.16835,147404.1728,29584.73583,1167128.168,96631.27511,2825254.36,252118.8333,15178.79526,235976.3122,3829264.131,526530.7497,83685.93105,7222098.086,1900453.552,42045.26038,75712.35805,154471.1287,10409.33917,643094.8602,7519591.784,572529.2626,66292.92886,13290.68968,139795.2812,25261.58091,62752.92274,18710.60684,40478.728,26585.00021,92644.5752,260713.8731,18951.37041,1320103.90235,118584.429678,182965.131507,10596.0982406,9068.4613147,65536.357932,34563.8262246,,,,,4614480.91135,894921.313703,2047501.01095,602299.882973,406302.280636,84725.7650724,164608.336138,113299.010944,611244.840027,601436.546422,63043.0979529,223626.438651,Y-WT,1
"id_01_2-E,1_01_55390.raw",3,id_01,IgGI,WT,,,,,,,,,,,,,,,,,,,,,,,,,,,,,,,,234376.0273,297073.8118,3710727.612,857461.7376,446287.7234,88043.61286,163487.751,452967.819,918999.5782,363681.2573,8142228.069,470230.7119,231113.7652,481581.9853,783026.9014,181599.4513,3562575.347,1289288.824,1014958.404,327183.5761,311502.7531,1050576.002,348131.3831,269944.8721,83626.80202,251942.5313,108521.8963,662178.2913,68975.7166,65848.0246,133106.906,91083.05206,21307.86795,838136.392,87081.70393,33051.15635,1309202.35,18057.83433,275792.8669,17594.91373,232534.1953,237547.0081,248766.1054,85633.33483,40147.96327,1412811.383,151971.596,513270.9031,33076.93695,4778850.992,1052172.464,830336.6609,37969.89937,666259.0276,84286.90266,484665.3785,1336171.497,204157.4385,39703.83961,609519.375,171556.3368,117511.8097,45255.60107,182548.2729,333048.07,251314.8816,1416988.014,641364.6524,970148.5838,112075.4508,150261.608,142679.1026,225435.371,2995666.571,323171.8561,380187.0675,88757.89471,355580.9624,518972.4926,361660.4925,456667.0364,240371.9922,501157.0131,3562433.586,678220.9957,,1407776.71296,217623.182033,162639.401979,91430.8190868,86247.5600571,1377119.77596,131001.772895,0,,,,0,19715.9896135,730575.80395,789274.979063,0,99082.9226276,115555.040871,113520.011403,0,790334.704701,22387.4731071,31663.5935274,Y-WT,1
"id_02_2-B,3_01_55429.raw",2,id_02,IgGI,WT,,,,,,,,,,,,,,,,,,,,,,,,,,,,,,,,9606016.208,926193.2176,17384583.7,1886433.864,65878.17966,300696.4262,910334.0563,7235046.492,652806.3285,702058.1835,18663088.25,502041.0618,601389.8753,27602.85897,3353253.824,412849.0336,5290064.811,1107305.081,233823.992,375368.9838,165681.8396,915744.7381,275391.6908,64080.48365,48998.93113,58953.52701,46900.3365,351214.63,7789.710486,,,,,,,,,,,,,,,,,,,,,,,,,,,,,2183101.96,100658.307,5187055.211,1387572.27,22665.51974,243236.5059,3399223.158,1014896.895,67996.04789,6005015.885,4092325.778,477796.8259,43766.84793,690601.1877,15501.42659,253836.1609,5860560.616,1195941.6,712084.7142,27791.8314,134684.1163,23788.19972,582298.9387,32731.97042,34779.76495,28981.12948,68435.83617,178295.3282,15335.10712,1486262.07054,125643.663633,,,,27283.0887631,117088.65114,,,,,3880068.76269,727962.114664,1658317.36382,477723.666434,,,,,299079.565593,344878.685221,34806.1455217,121221.323438,Y-WT,2
"id_02_2-B,3_01_55429.raw",3,id_02,IgGI,WT,,,,,,,,,,,,,,,,,,,,,,,,,,,,,,,,182411.7178,340659.7009,3378994.064,930934.9134,383287.0092,188148.6414,98090.35361,544828.8485,833762.0069,398185.8748,7409225.539,881794.9409,106365.128,462014.9914,609535.8538,263663.4889,3088500.323,2030986.525,961847.967,406720.7805,275433.4152,1668751.208,382630.8933,232338.6515,86586.14305,258419.7688,74636.02105,520528.4674,87128.95904,,,,,,,,,,,,,,,,,,,,,,,,,,,,,270783.6288,101979.393,966208.1574,553811.7189,173013.503,84331.67592,111206.9958,257501.9181,532035.2834,1092981.638,1357579.199,1680737.66,195726.6137,802749.9547,170127.3571,362023.8453,2650603.027,661905.2363,1751316.724,125760.3709,712785.8097,550656.0799,1429337.279,462824.2484,189507.5946,541663.8225,2020993.09,587466.8845,,1473483.64783,255275.822548,,,,1259606.68281,223525.999424,0,,,,0,18419.4119244,674005.219978,633596.492462,0,,,,0,502831.020206,,29833.5678084,Y-WT,2
"id_03_2-D,4_01_55459.raw",2,id_03,IgGI,WT,,,,,,,,,,,,,,,,,,,,,,,,,,,,,,,,10402097.34,676391.9669,18519403.09,1516774.773,65231.03828,364832.3486,897451.4364,7745366.066,659185.3461,403647.7732,20927352.97,400097.5024,604174.7202,32538.123,3651102.732,292230.7097,5754034.88,750583.189,228457.556,384987.5957,167356.0765,615711.005,232175.371,52291.51773,57452.58859,39777.20369,76577.97178,398992.8951,11822.3043,399559.9265,148818.6325,655721.8773,29500.47133,35477.35083,191420.0542,64564.19901,487834.992,38382.38667,197963.0581,13200.93602,214509.3423,119791.8277,20345.65648,208462.5326,32440.82792,47946.41245,7581.804868,112406.6346,8083.955798,2647.747374,54476.95506,16078.2222,26686.60426,6534.803851,26870.68093,101721.3914,34162.11735,,,,,,,,,,,,,,,,,,,,,,,,,,,,,,1468851.94595,130023.539124,156107.430683,7255.6431708,1898.3498211,,,,,,,4246900.75135,779774.347764,1775018.84596,499291.562406,320733.324188,54050.0280123,92705.1486857,97573.4654714,,,,,Y-WT,3
"id_03_2-D,4_01_55459.raw",3,id_03,IgGI,WT,,,,,,,,,,,,,,,,,,,,,,,,,,,,,,,,169847.5393,517842.2797,3580152.246,781872.8229,534416.038,148493.5336,117902.2207,771807.4869,831062.8917,329120.7028,8003925.139,563190.4343,102726.4648,488820.8629,709512.0882,203587.8613,3294093.652,1059025.556,889275.6658,414314.7359,436136.7927,927264.8852,316637.0695,243320.7036,134219.1608,144076.1131,156291.7254,637749.1185,128308.1039,56090.57653,177283.8417,159658.766,18204.60121,1082804.562,300177.271,33934.97956,1339362.834,83088.76843,375036.207,11876.3075,255568.903,252513.1578,311489.1141,228268.1784,163323.0493,1890080.689,160251.2452,458831.1108,22592.48888,9258123.84,1239306.424,701998.2096,883.0408425,711133.8236,121266.4185,573658.1291,1490925.079,,,,,,,,,,,,,,,,,,,,,,,,,,,,,,1397790.56728,211089.408544,172501.445953,110724.425593,135537.97049,,,0,,,,0,31690.4036578,842763.836781,734945.443745,0,98240.8201721,175282.403175,39423.9740387,0,,,,Y-WT,3
"id_04_2-F,3_01_55441.raw",2,id_04,IgGIA,WT,10878210.71,1072813.161,20697000.55,1054590.267,43586.98007,427638.1085,1513009.179,9098834.3,683470.1978,355818.7687,5521308.044,134351.3943,106181.6493,238826.6072,54558.83691,23716.05123,10065789.04,406253.4639,1540678.67,60878.21918,17948.38057,80571.11423,28160.65242,53458.09834,20801.46851,62896.32674,10249.75874,72565.4809,41530.81437,623689.1223,4517.667056,,,,,,,,,,,,,,,,,,,,,,,,,,,,,,,,,,,,,,,,,,,,,,,,,,,,,,,,,,301438.8419,188216.824,587320.4903,439664.8738,11423.3451,18958.90192,149900.0215,243543.375,86897.4789,140877.5973,406112.5393,25490.88827,65203.23827,62848.28528,8333.747656,94491.84451,115321.1901,120788.1358,25056.06588,16249.4853,50757.58559,18472.65881,16252.7268,753.5458574,21181.00623,19829.98445,12685.29029,51823.63784,13781.40052,,,,,,14077.3159928,26889.8996893,7335524.31529,1640459.04339,4356547.32185,760833.911844,,,,,,,,,324245.121175,237857.28909,26683.8015196,203541.712907,YA-WT ,1
"id_04_2-F,3_01_55441.raw",3,id_04,IgGIA,WT,74092.99394,146239.5305,3104887.715,397732.7545,166786.8593,148045.3762,300803.1925,886551.5095,715037.2643,201546.6843,1565377.485,320299.82,127036.8451,27533.4731,548115.5458,344512.0562,1424200.02,332014.2288,709219.2764,153350.4819,643552.7269,140967.4591,420205.4659,119350.8771,103185.3566,272719.0931,26987.75504,223528.6476,89427.56022,300355.5066,123056.4458,,,,,,,,,,,,,,,,,,,,,,,,,,,,,,,,,,,,,,,,,,,,,,,,,,,,,,,,,,501206.7105,283228.9187,283421.795,412531.0443,15485.32408,24646.05759,222194.0026,,210057.3424,83628.32423,296025.6708,63879.34994,130933.2377,260976.8746,,40058.81006,194584.1467,200055.6249,115416.4203,65055.46949,32411.11973,663385.3622,137063.4161,108073.3714,112436.1877,178510.6869,4226219.876,700396.3994,132213.5586,,,,,,34591.1201856,237649.584707,0,61385.0927991,1381948.97843,878034.920102,0,,,,0,,,,0,318288.85911,56672.1709745,94506.198976,YA-WT ,1
"id_05_2-B,1_01_55381.raw",2,id_05,IgGIA,WT,9960385.134,1120061.531,21698778.61,939610.663,16118.18795,354085.1486,1321332.881,8413892.445,779705.347,403098.6402,5724400.015,353147.852,292697.4699,213950.5409,41098.317,37305.39976,9453887.701,374537.2211,1476514.512,108599.8903,29739.62563,126233.5556,51564.54309,134313.8376,19286.20794,83298.04526,22251.20412,75768.72835,20711.97818,618091.8063,2767.788059,2699911.596,411610.7417,5945253.988,964879.0999,39261.07145,129519.0334,351607.7942,3307445.869,128593.7324,626493.4473,6662737.72,215238.9067,127045.0451,28194.70656,974248.98,314423.5729,2162559.227,611031.9585,65220.88785,134472.5151,34249.17361,511619.8652,184864.8173,49934.04731,45776.98493,44902.40302,21764.75701,94948.34387,13973.87472,,,,,,,,,,,,,,,,,,,,,,,,,,,,,1472855.594,128954.2414,4195157.338,1429944.617,22380.7194,88027.1442,873833.0466,660651.2894,64150.5141,2120236.807,3337664.581,398690.3493,59303.06642,655712.572,9308.643329,112332.463,2057122.36,945254.6909,596243.941,24135.20621,112743.3671,17946.55795,485215.9543,31100.69974,28358.61206,27751.53424,32583.28786,113230.9947,21425.02098,522441.523111,34268.4319672,,,,20738.795301,107982.992854,6533537.86129,1513184.56365,4082299.44451,768591.74422,776325.88863,236594.748523,404935.700532,108772.034829,,,,,280334.730456,306117.595565,29397.4221495,181528.37176,YA-WT ,2
"id_05_2-B,1_01_55381.raw",3,id_05,IgGIA,WT,141356.534,236781.0689,3051463.515,249349.8973,62131.10017,207160.1384,424558.6645,577239.5029,1053963.206,133121.7241,1695707.734,711394.349,671432.4985,125251.257,603779.5669,264252.3134,1240537.76,327477.3789,633589.5974,315268.4329,554582.2176,316071.5397,482356.4271,321064.0358,66955.60748,194595.2276,44720.66855,212183.8808,46205.8306,403983.042,103073.5154,86803.21807,124613.1763,1442775.291,715682.367,169743.7514,139731.3546,291981.9657,2524681.852,325697.8417,548271.6341,3589692.379,462743.6576,503549.6352,389200.3582,786159.4199,4204.039238,1445523.487,987401.6327,172790.0432,164890.533,74987.61874,774168.0066,394527.6542,286745.1514,500668.7982,165853.3003,181396.9451,151253.5585,,,,,,,,,,,,,,,,,,,,,,,,,,,,,,239768.798,47650.86702,871707.3942,808950.483,103364.6076,78772.36841,103507.8547,132893.1756,158513.7202,333524.1016,1224496.976,862015.074,50888.8141,781069.9031,,34573.96476,1163667.001,556356.0443,1083939.868,52222.1923,557007.0962,349028.2911,970524.7784,265720.587,309502.3303,322389.592,3597661.669,339717.5954,24692.98525,848730.645379,720762.374889,,,,526102.61371,280924.817716,0,199467.905262,1278101.29108,749232.585412,0,116684.54605,407114.031187,189435.286941,0,,,,0,373310.987427,78434.6092922,55076.8321882,YA-WT ,2
"id_06_2-H,3_01_55447.raw",2,id_06,IgGIA,WT,9735851.493,993043.0045,18617255.57,969772.779,41868.69662,363983.1227,1334537.909,8040341.081,589560.2486,358864.7709,4915426.702,126536.3022,106844.0485,223723.5976,62671.64319,20382.9378,9051906.203,378521.3468,1388341.74,54229.77568,13651.2071,75089.66113,23521.65374,44547.40849,31353.83705,63996.27632,14908.1644,52141.7598,45223.10015,552007.3241,9096.520942,,,,,,,,,,,,,,,,,,,,,,,,,,,,,,,,,,,,,,,,,,,,,,,,,,,,,,,,,,332418.6556,148124.6023,644357.2884,393686.4342,14152.72736,44159.84564,165994.8659,280719.8233,91866.69275,123650.7348,481957.872,22569.92275,77509.98677,37534.71922,15627.3043,116919.6342,106995.6331,123525.3037,27562.51114,11430.67724,76326.65097,21592.61094,26017.23216,12279.62426,11467.5085,11267.79788,32234.46146,38344.35087,14630.23603,,,,,,9849.4359122,24134.9161157,6490427.73316,1448291.74715,3915489.28109,637699.655065,,,,,,,,,262666.670017,200865.21514,42370.5779895,172593.830111,YA-WT ,3
"id_06_2-H,3_01_55447.raw",3,id_06,IgGIA,WT,52801.61466,162480.6085,2849534.487,365842.8786,182536.4395,94048.60504,419124.5342,800671.2725,693438.1079,184804.3953,1465483.824,433038.4674,98502.08519,62643.86154,603102.8402,364307.5599,1295171.572,355666.0106,608452.8521,146455.0804,487865.3076,151014.3799,532861.1845,185745.6502,91200.80129,298277.034,52277.15408,152531.2747,104001.4822,278326.6174,140336.4627,,,,,,,,,,,,,,,,,,,,,,,,,,,,,,,,,,,,,,,,,,,,,,,,,,,,,,,,,,570542.4407,327045.9632,426140.6534,420956.3234,66403.87776,419.306595,258967.4347,8088.251324,212428.5922,130451.6635,331323.2451,121760.222,82606.24532,386688.2004,9535.099096,58120.16033,336027.3482,205248.9451,87834.57308,164131.2653,101662.5777,481967.9959,41394.22896,160989.0988,128364.2215,194775.166,2347862.592,667960.7839,137836.5438,,,,,,16969.3485867,210909.595179,0,91405.9090475,1427003.2133,736789.475802,0,,,,0,,,,0,196364.282781,126669.702675,149642.677297,YA-WT ,3
"id_07_2-G,3_01_55444.raw",2,id_07,IgGIF,WT,186386.7502,41852.20885,422544.8208,41579.53549,37363.28867,17054.47405,68910.78208,170358.4406,53177.36733,45275.2731,104111.0533,123664.8286,54753.43097,48455.08527,46490.39433,36200.47194,187820.0376,91567.23341,99965.55055,22153.00358,32960.41494,51561.86184,28553.43341,36394.93238,37764.88788,34570.8228,45742.83838,23439.0382,37385.51649,36130.37028,41023.09134,,,,,,,,,,,,,,,,,,,,,,,,,,,,,,26175.91263,140748.1107,44847.20665,105866.1027,29294.87876,84702.13445,95544.50517,31879.9274,97498.31699,24368.50472,198524.2312,31641.1416,101640.932,7063.216825,46589.56014,59009.52937,56802.0893,152335.9222,52904.30163,25668.72263,48740.92893,51651.48012,49937.15984,25318.73331,32735.7993,40360.69243,34564.59736,33585.05386,11454679.92,789193.6724,24490117.68,2423860.666,54324.43485,318368.3361,1049650.887,6854347.515,826072.129,401705.2175,15816312.8,394830.5826,497284.4202,1281459.743,33032.71418,4858820.959,325480.1409,3629428.536,460363.387,183544.4618,309135.5984,104710.3074,408794.9089,38549.74706,54123.35679,32819.13988,53717.43951,554040.2584,41883.56805,,,,,,92738.3258922,160664.621246,110786.21418,47222.0143244,74953.9280586,49895.6994682,,,,,48102.7221735,61511.5733405,552480.521173,35257.7322057,4909406.36599,2664313.49868,649394.237024,1055287.01758,YF-WT,1
"id_07_2-G,3_01_55444.raw",3,id_07,IgGIF,WT,51804.25897,28594.6766,2103283.402,30320.53713,83795.20531,69661.9533,12697.02597,436523.0555,58400.15134,129694.5498,30122.55731,46556.22577,66413.10765,7417.275271,84430.92848,65967.46407,252472.8388,85070.2376,42703.42679,67507.92912,17183.71927,69741.547,138395.8988,49102.06314,106034.7857,99243.26327,55262.07913,45781.42113,50040.77089,103846.3718,139452.4359,,,,,,,,,,,,,,,,,,,,,,,,,,,,,,84569.28235,89821.44652,21527.64731,297793.0226,594446.1078,309157.2264,4383.115484,34065.65709,266759.5319,42343.35141,210852.2369,642925.0284,681441.3179,173839.3258,,,4697.289052,40370.04421,895510.2808,18377.3968,6433938.859,144167.1516,538208.7626,455369.2835,344666.8276,45077.93405,90179.35333,448995.5278,574305.7232,278939.3655,4369635.635,971101.9412,697051.6702,68182.96546,84426.02806,238981.7055,1223412.639,374856.496,5677879.394,725708.0982,92077.7236,1244689.514,276622.8019,647280.2574,248508.1716,2178637.557,790204.3289,587802.6781,345593.6638,2134521.188,726035.5865,202073.4488,169853.6637,136081.2438,3584589.895,831036.3512,93620.95175,,,,,,247721.290803,291163.628905,0,71536.6357021,161864.121316,52516.2953461,0,,,,0,111948.442062,152895.323264,140709.899882,0,1142680.21205,1020862.04556,51991.9794486,YF-WT,1
"id_08_2-A,2_01_55402.raw",2,id_08,IgGIF,WT,,,,,,,,,,,,,,,,,,,,,,,,,,,,,,,,919581.6226,69142.29453,1739442.222,168663.7484,18236.87038,56054.35088,83667.64498,660125.235,76883.9349,67602.55388,1939356.346,59866.85251,88681.34736,19874.50408,395192.2648,73299.29117,529283.5308,82953.00559,21368.78897,49124.42738,16738.95389,69929.424,44065.16638,19869.86695,12706.85909,19030.2057,31457.69565,45164.07956,3861.220497,,,,,,,,,,,,,,,,,,,,,,,,,,,,,10498144.5,708704.5178,23564365.79,2304886.485,48572.21787,295452.6173,1206158.309,6387051.822,841624.9659,679773.5818,14795621.71,412148.861,475780.227,1273256.518,25954.11036,4702704.746,618303.484,3556195.102,503500.62,196616.6295,301087.0249,93518.79639,423643.3755,44980.65111,53676.92146,39127.20005,66575.73914,583987.6561,32007.6087,159393.519598,14149.2721844,,,,104919.832459,173557.32047,,,,,347795.902038,62450.0955015,156170.226413,48946.2845096,,,,,4962012.19153,2665104.16349,708545.810411,1037744.19422,YF-WT,2
"id_08_2-A,2_01_55402.raw",3,id_08,IgGIF,WT,,,,,,,,,,,,,,,,,,,,,,,,,,,,,,,,72738.21533,160750.2254,379329.4566,207927.4798,56320.96165,4698.164727,50388.25894,317327.9776,135021.9993,39475.85824,828615.0503,101773.7163,87898.33252,40386.12547,226191.6667,36368.5549,361315.1743,121811.9828,41163.12896,112183.9741,44597.99168,92184.65946,52759.02749,30705.25696,72952.24461,7581.972368,68972.7444,153155.747,38524.35745,,,,,,,,,,,,,,,,,,,,,,,,,,,,,476767.3217,236106.2164,4215692.666,955092.5576,626573.6149,101820.054,61358.41541,205906.7997,1043199.816,354023.3503,5366308.992,712107.4892,77076.71184,1194755.233,290592.4769,749721.395,406117.4917,2086767.996,953492.7475,629050.5494,309210.0776,1495107.621,828056.4409,142474.5561,115556.193,247545.7141,2054945.198,558982.5685,57593.66271,198429.663836,26487.2916393,,,,280385.116453,314196.016182,0,,,,0,16965.5035228,174223.380741,102935.652896,0,,,,0,1135461.83258,1040101.79196,78453.5898271,YF-WT,2
"id_09_2-A,3_01_55426.raw",2,id_09,IgGIF,WT,,,,,,,,,,,,,,,,,,,,,,,,,,,,,,,,3337698.312,147347.9228,5824566.422,490285.3452,21491.82353,122018.389,244670.9354,2582445.571,227658.0202,132784.7053,6752052.438,169884.215,295748.5834,18817.80502,1367583.844,128410.0576,1878789.885,227500.5202,67179.75612,130690.0404,39157.80446,190225.4739,74616.29967,32150.9451,14886.2033,24937.81468,44560.19512,117253.2066,16006.02057,,,,,,,,,,,,,,,,,,,,,,,,,,,,,11311869.86,743559.5731,24919841.12,2366033.913,45140.77505,305524.8379,1643314.543,6508932.28,885552.8175,1511922.451,15793504.46,397180.8853,461652.8144,1224825.479,29007.00633,4629510.587,1460682.547,3589004.715,452913.3813,166215.6917,280129.0839,83139.62172,362907.9078,37790.57356,59249.76845,37849.50771,75372.47456,535798.5779,33397.13672,476934.133261,31889.7907877,144454.11512,3959.39803195,9174.3714266,96675.5652362,154323.674567,,,,,1205966.82303,195206.56828,610670.617882,144289.136102,,,,,4831352.61833,2607861.95888,588406.705097,1013381.37797,YF-WT,3
"id_09_2-A,3_01_55426.raw",3,id_09,IgGIF,WT,,,,,,,,,,,,,,,,,,,,,,,,,,,,,,,,191648.7729,273774.1633,1196471.035,363714.4208,153868.3922,26854.41002,84854.20013,500211.6449,385253.4122,68894.49846,2773367.751,156196.4836,178224.1982,232179.587,422765.8593,123166.2909,1203919.369,395425.5141,325996.2876,126642.963,56351.47133,286556.6921,145657.4625,106984.2733,31170.02034,116498.3735,31508.66537,303640.9986,43181.62091,,,,,,,,,,,,,,,,,,,,,,,,,,,,,568059.0207,228757.6631,4467599.296,933247.2632,657372.7139,81598.26421,104523.3754,120821.3067,994432.6566,515171.3659,5485777.173,829016.5205,107917.7633,1157028.167,351501.1471,707195.8602,712948.3563,2117186.153,884058.9443,615120.5229,271106.5045,1843936.687,747769.4329,182348.3175,125502.9403,332057.6854,2494912.852,582057.0437,37069.85911,567375.216942,75275.8357935,125334.396684,32572.2269321,95022.9757488,528855.55076,287775.471906,0,,,,0,11062.538309,273393.378243,145107.911884,0,,,,0,1165584.85808,902975.990337,85396.6725444,YF-WT,3
"id_10_2-G,1_01_55396.raw",2,id_10,IgGIILE,WT,,,,,,,,,,,,,,,,,,,,,,,,,,,,,,,,1551411.557,128590.6641,2418315.712,681080.9252,11196.09074,182141.3879,199176.0169,1090081.97,33298.09643,174420.2029,2400127.265,36561.59527,46424.85215,24121.254,886077.7221,199176.6916,699600.3823,73170.15552,11693.27874,91452.51436,24516.15722,66658.29941,479017.3995,52576.40734,78457.62207,33058.70748,28506.91578,25747.48632,45746.32078,17957821.26,1597193.969,24540093.03,1622255.577,60342.64845,1144469.544,3402173.508,1678286.039,520051.3485,9506412.365,272437.7333,190999.1222,486637.8554,71730.20348,20193885.45,671731.8783,3243740.737,53512.80364,114560.3404,87217.019,157769.6404,36786.49272,85664.32281,23617.02073,34182.03362,66881.58265,1878940.501,26713.85326,1242887.831,42258.16622,2949066.892,78489.91645,46563.06964,551496.1158,1665802.338,295888.8828,2017045.644,1608109.478,1584467.598,322568.9414,124231.3796,78204.87798,66610.09479,268864.4347,810157.7686,294369.4651,31524.73558,128549.6709,36112.355,24844.41566,37901.59534,16906.74884,120266.5891,13695.28638,117721.4245,278552.577,82077.35185,127331.535901,15153.6758904,8336622.70923,59331.68062,190500.629371,38442.7783472,28303.7213479,,,,,906319.803068,197354.339013,470976.118876,167749.242095,18856654.3099,3666282.48166,8885812.22704,2051738.57179,911731.851592,306998.419169,62864.4820133,88927.1493494,YI-WT,1
"id_10_2-G,1_01_55396.raw",3,id_10,IgGIILE,WT,,,,,,,,,,,,,,,,,,,,,,,,,,,,,,,,720023.9943,367923.39,2013534.298,474463.2847,246734.2845,395332.248,372678.7585,1223654.817,181780.8898,283119.7438,1891702.918,56226.89507,95893.5084,42935.71761,1832742.323,404127.032,855742.4103,77252.93377,203328.8774,336602.3567,66417.15841,93918.94201,689964.9506,89074.85449,53053.35062,15725.74748,114873.8504,487709.2282,514013.2308,317674.1067,274406.1353,3879932.65,409160.2137,660193.3176,568895.868,37703.05822,780225.2031,354853.7999,3082566.813,795910.6145,218094.5424,192282.9753,362128.7747,3012379.489,407541.9928,1808602.213,279254.6812,206668.3826,1034773.663,6730515.631,192761.6506,265344.3349,19742.64783,201423.5021,113563.3049,819956.3279,115310.4285,201298.6479,39158.0812,545310.7569,1797289.042,280808.2708,140961.0275,1567486.297,10384.99487,376308.865,3403604.635,528342.3125,355496.9942,37846.61417,1062980.675,351078.1948,173663.8683,1718671.591,298941.5324,155954.9714,55368.91963,117462.1198,219708.705,131702.3536,136497.8599,408800.0482,175957.3188,3454574.54,1314049.75,,159538.481129,24262.8554547,735387.261226,82722.4358062,377258.587726,52397.2154202,48687.4337149,0,,,,0,136220.306421,1245808.01087,767924.3919,0,154155.602753,2623437.78083,2461332.91195,0,712428.983855,150054.97076,97654.3034967,YI-WT,1
"id_11_2-C,1_01_55384.raw",2,id_11,IgGIILE,WT,3446497.78,337805.4994,8002354.565,350254.0296,36951.27715,149068.4276,399278.2531,2810411.252,284536.3426,152598.5677,2100426.146,48729.15208,61647.73755,111156.4316,37606.68603,27543.634,3294997.65,174513.8001,542169.4719,33541.81294,11882.31201,67315.17961,21189.34583,45679.09265,20104.04642,36531.55797,17762.57514,15126.76315,47717.8401,163176.4501,19521.38964,,,,,,,,,,,,,,,,,,,,,,,,,,,,,,18844006.89,1650601.193,26213380.52,1701811.973,78077.94677,1129996.919,3608542.835,1759583.534,613395.6511,10192582.3,275565.717,164802.7795,525438.6524,76710.02535,20291415.63,682184.0359,3371903.694,75383.03582,108616.6551,78487.01625,195882.4135,47388.11398,98310.83047,11943.44793,55845.12558,84677.43786,1923289.048,12615.23745,61862.36658,17643.91065,52688.19514,143809.5588,48378.15051,497094.3819,1453198.891,46312.80879,2108438.35,1335607.919,58424.24335,368522.2791,122215.356,34865.4541,57713.58646,54096.15053,456770.1169,57583.49322,27472.65561,150505.704,40107.20486,33785.34703,28065.13033,18377.73094,162334.6392,30217.26061,160775.1715,298854.6957,95207.97389,,,4582133.29484,62056.5289821,193222.854007,39946.7871948,17270.8462298,2037215.20642,377832.276024,1319955.08035,204936.337671,,,,,19571940.0834,3894012.58815,8932529.47812,2176695.03299,572530.850708,102736.713141,22451.2286845,40620.9613175,YI-WT,2
"id_11_2-C,1_01_55384.raw",3,id_11,IgGIILE,WT,71276.59305,80134.50573,1227703.988,97491.7287,75645.07078,97015.9404,149975.2488,233179.664,410558.1875,57479.98885,638747.0667,118607.6844,147860.714,62560.63968,241244.4796,110639.2337,514093.8191,164595.3437,253796.8118,103140.1242,182801.5842,60151.83905,137394.6401,69836.22028,109146.1045,107637.9989,31770.18848,108278.1783,47744.09506,150029.6478,151266.4326,,,,,,,,,,,,,,,,,,,,,,,,,,,,,,300731.4933,178122.7594,4154312.961,465386.2815,366406.851,495208.9914,44747.20879,501072.1494,345444.3691,3363903.5,857071.635,208445.5576,157980.6503,331391.5795,3141127.325,573945.9835,1819077.473,237640.3492,323310.8495,1089150.876,2396022.874,127191.5032,134471.1566,78546.17995,110146.6733,217203.4904,755019.8661,64939.30302,170608.8957,77818.04771,263072.0872,1364998.952,238562.9188,115477.6519,744088.983,27706.68182,617188.9109,2496571.728,7084.365404,470956.0541,37792.43622,799469.6822,357200.0664,140932.2064,1602416.419,169773.9015,60726.78896,68399.68536,91853.41333,103439.8697,84400.39111,130613.0288,422136.2763,170200.7644,4651563.397,1709300.548,,,,494023.980382,57902.2848967,315265.511168,27065.206229,27438.9982952,0,59156.7789627,618576.555868,235418.261308,0,,,,0,127606.165415,2853902.19954,2527646.26083,0,676129.245463,103900.188635,185007.827491,YI-WT,2
"id_12_2-D,2_01_55411.raw",2,id_12,IgGIILE,WT,,,,,,,,,,,,,,,,,,,,,,,,,,,,,,,,2928297.885,652562.0378,5753952.206,1546440.104,38635.08523,137617.4291,352769.8771,1985559.103,12028.92587,759027.2578,5915054.418,264901.5885,58637.87157,10815.37017,530455.6041,417350.4029,2243307.076,898484.3725,28165.16921,116117.3746,21509.64834,720128.5566,547958.9167,53130.54529,59482.81697,46014.45053,12227.54611,36323.23414,28347.27089,13335966.68,1124206.864,19120671.27,1256631.03,70464.5337,936252.7598,2321992.782,1366510.031,367933.7526,7288856.969,212499.4611,117042.0875,393347.5901,47916.21507,14358410.85,485121.5393,2360008.242,40368.8052,97653.36196,50630.37411,113413.0685,37271.46211,56352.16197,15774.37154,23922.36759,64554.79084,1304287.612,28485.01317,2112476.904,39456.07294,5468086.714,1379432.706,61893.80471,485741.4933,1666485.793,553059.4397,1407309.358,2343353.144,4073785.583,678236.2644,96862.10326,766593.6964,53250.67966,34772.14635,1410010.15,1099754.256,694576.453,103529.8574,79061.18428,24534.10807,556464.0742,23560.84876,88623.69096,33382.30032,93485.4003,213253.5969,78897.91438,738057.026834,25095.9508361,4277646.0566,44998.9682387,116900.88265,16431.3323349,114832.202243,,,,,573457.213007,121158.390451,322022.405196,177554.269198,13299629.8531,2627364.399,6227000.7512,1465126.79934,377654.30369,116541.76426,31571.4029796,25335.8318466,YI-WT,3
"id_12_2-D,2_01_55411.raw",3,id_12,IgGIILE,WT,,,,,,,,,,,,,,,,,,,,,,,,,,,,,,,,578412.0264,340447.8741,2349239.662,884440.7188,230029.3099,345664.0657,229276.9657,1045646.062,396425.8795,444840.9228,3309764.776,525636.015,28357.99753,162810.7322,1420283.286,557514.0873,1618458.633,1748930.311,279183.4603,380275.2147,86345.47705,1392882.912,780917.6561,208258.3402,15497.92773,116918.0631,52339.19486,528535.2012,307659.7875,225167.2557,127071.3559,3036130.882,364678.074,513576.6873,572044.2774,24019.70173,1100605.469,272289.058,2325302.343,655315.6763,110186.1737,85544.81181,261125.5527,2144294.342,216895.8512,1547883.676,246983.5145,288397.7155,792047.9331,680604.0665,341646.2511,313592.8699,10748.15057,258325.1529,165610.7541,561729.5122,319691.0732,327460.1313,56137.36933,866390.825,1786642.575,287160.8963,184941.8837,1352500.008,76146.91034,518173.859,3040535.892,1244086.323,990525.3566,102819.1087,1533784.686,247806.559,206551.5361,1940989.78,761908.0116,1411369.315,54158.19197,518391.244,304960.258,1168682.234,318133.1364,439641.1329,324313.9651,3022567.956,1046469.291,,873896.577708,81932.5637742,455610.449013,43285.7671247,238415.379762,330395.197396,145614.366828,0,,,,0,75276.3951441,954626.647268,639767.393433,0,184530.581016,1802751.71553,1809486.75806,0,548276.059461,91511.1373384,81058.2949407,YI-WT,3
"id_13_2-G,2_01_55420.raw",2,id_13,IgGI,NO,,,,,,,,,,,,,,,,,,,,,,,,,,,,,,,,9689876.627,589500.6183,18084761.26,1561397.572,77311.1448,282136.3147,816444.9082,7386163.865,712089.9327,396219.2749,19856966.54,420952.0043,659229.699,30382.4737,3595791.862,327777.8875,5740619.287,838370.2374,257330.3842,428725.6229,172683.0288,682193.4825,222233.1604,57089.40587,57950.87913,48711.69382,76328.98348,371171.1235,12225.3051,,,,,,,,,,,,,,,,,,,,,,,,,,,,,1379652.885,121373.5672,2959259.386,252697.3779,12435.35777,227573.4372,3847008.312,791974.209,91147.44507,6918993.967,1972987.384,30000.69136,69487.76087,120366.8177,7622.160149,710655.9925,6953217.6,477831.7241,47519.3222,11891.38967,117656.7966,19387.2297,43108.98653,15737.27023,42681.26347,17544.94876,64439.62478,181068.1363,11724.2506,1199806.48035,112846.615815,,,,42002.2684112,31139.0531637,,,,,3853597.9532,715897.531112,1688440.76256,481176.118204,,,,,628349.077887,465562.520294,48988.4029911,158401.718543,Y-NO,1
"id_13_2-G,2_01_55420.raw",3,id_13,IgGI,NO,,,,,,,,,,,,,,,,,,,,,,,,,,,,,,,,152758.986,489127.3043,3475614.685,785265.6134,371970.9346,80652.30957,135327.2902,697626.4436,1010181.086,234285.1939,7689056.323,510179.6975,146855.917,456107.8486,708125.616,222273.2579,3449945.149,1282402.39,1053078.112,357652.7054,273314.4852,1033045.911,335316.0771,200437.8548,81172.38608,241654.8096,106341.1378,637207.7412,101382.0057,,,,,,,,,,,,,,,,,,,,,,,,,,,,,447278.9215,153132.9648,615939.1422,60181.49595,77069.53322,30571.18919,195004.3666,195319.1665,462943.1918,1261885.026,679082.2807,968611.6877,183184.4803,232295.4882,138533.3829,519890.1677,2793018.904,228085.4512,223557.3881,144688.2396,209125.8195,629645.8,366393.4894,391432.6358,167404.8231,538184.3002,3856200.675,824396.9365,10313.1778,1199448.54388,212560.126025,,,,1184137.12419,69980.468185,0,,,,0,75714.1548382,620951.130983,671019.120757,0,,,,0,595467.329938,11354.0644516,57992.5320233,Y-NO,1
"id_14_2-A,4_01_55450.raw",2,id_14,IgGI,NO,,,,,,,,,,,,,,,,,,,,,,,,,,,,,,,,9077374.09,521294.4197,15711685.76,1370863.734,53668.37285,323015.6095,774907.7414,6888144.552,593817.0813,323477.4671,17599067.33,419235.8381,563267.7061,19626.15265,3577408.124,287268.0019,5148578.87,766408.5468,250948.8214,381245.6451,152247.8553,635276.929,191620.8867,48395.37676,44265.16292,44845.78028,76284.37077,363293.7458,12025.43826,,,,,,,,,,,,,,,,,,,,,,,,,,,,,,,,,,,,,,,,,,,,,,,,,,,,,,,,,,1021333.89279,107103.242528,,,,,,,,,,3841548.34706,681079.064989,1702581.39195,459173.564695,,,,,,,,,Y-NO,2
"id_14_2-A,4_01_55450.raw",3,id_14,IgGI,NO,,,,,,,,,,,,,,,,,,,,,,,,,,,,,,,,192919.256,534184.1051,3008510.755,811232.3167,444803.7454,127594.4075,116618.0398,920157.4207,796861.1452,256914.9365,6977708.972,567229.2341,124965.2285,425940.7932,718164.4549,200363.9133,2988497.572,1103499.534,981313.121,412117.6984,424673.2153,991881.8421,292561.0867,264835.7709,138414.2152,158409.0877,158138.7512,651506.9715,97883.13271,,,,,,,,,,,,,,,,,,,,,,,,,,,,,,,,,,,,,,,,,,,,,,,,,,,,,,,,,,995485.142175,229291.675321,,,,,,0,,,,0,85284.0164857,759166.91214,692243.633227,0,,,,0,,,,Y-NO,2
"id_15_2-D,1_01_55387.raw",2,id_15,IgGI,NO,68429.73425,69987.27142,188857.8263,45990.37435,11263.75101,27698.32602,27724.37262,26265.33718,293627.4011,30140.38919,132690.5035,154269.6407,50085.63644,20880.74685,6163.669745,16238.85058,90589.81693,79349.16241,20649.6708,81381.72322,8921.488502,102664.6287,43974.62571,69377.56067,29904.68226,17122.06098,5905.323775,9713.202165,15170.7146,11545.17908,9242.301813,9343073.034,632781.0235,18041773.88,1773894.773,71908.20478,359131.3926,944831.9057,7098258.497,365623.7357,481224.5501,19420845.15,525070.5743,662479.7687,28786.05629,4129641.757,360796.2175,5937965.063,1085598.913,345544.2044,477785.9626,214327.3847,886659.4964,362254.2611,85238.18743,47269.45874,69682.58343,64201.31755,393578.6074,22937.18529,5662583.941,522943.8833,8492927.447,475073.3497,25923.63303,440479.7673,872020.8414,1040177.206,160443.2003,3184189.392,80923.94595,239747.6588,151210.9196,5496.922703,6452880.024,224435.1569,958162.8634,15716.89834,97336.81482,11054.24023,37014.61479,56079.89235,15473.1243,18005.64144,16152.67684,24202.04561,537915.7376,46943.89818,407414.4063,34691.03109,1165832.28,215176.0605,16453.37416,220300.0825,3761102.383,83454.10376,547322.0841,7152839.6,820162.5848,180000.3568,57160.07552,133572.7779,15243.27891,100975.661,6722522.344,333011.3151,124500.9394,24434.16014,91210.53789,4019.554154,96461.16976,13090.86467,38604.10528,14489.60066,115494.8861,223555.3204,21639.08163,1394650.87711,148796.737566,2523534.24873,14012.7455377,22652.5796504,42717.4166392,36768.427514,4470.9002598,10760.5242788,43431.7393416,104051.500914,4537728.84898,808283.325251,1986277.74999,659536.674433,5656373.79328,1086520.59764,2624915.92702,505418.653341,297733.285242,108702.886791,6990.6039478,36857.7602736,Y-NO,3
"id_15_2-D,1_01_55387.raw",3,id_15,IgGI,NO,63539.71342,92101.90379,236016.5102,3923.89387,41960.02304,66069.36814,18099.72864,290222.8624,262237.9538,28748.35158,36260.00072,870379.5992,135220.0272,37351.36777,104586.7658,113884.2293,21280.25161,16221.51611,20805.67711,242748.5926,108051.4632,608419.4074,351942.9643,259730.9956,72332.66112,95324.88395,49032.11142,87106.54744,21341.53841,196741.5465,57422.83819,385936.2364,344016.0432,4300062.189,1113848.962,353207.6358,122963.8036,196811.1227,868314.6229,595622.4623,450574.5702,8012425.84,648814.8946,295511.7427,408532.5197,1207622.188,260983.6013,3532278.991,1475452.129,1133232.975,411046.7657,384016.7521,1178785.476,437826.2521,287450.5561,32197.06472,240626.6295,123542.3909,483230.7154,152057.5311,107645.2657,106671.2723,1432005.962,102717.4532,537975.2069,196958.2089,,1511709.214,143308.5836,1195022.685,358669.9847,61948.57552,109160.2301,231766.0242,929051.5337,174378.0718,1642572.485,129513.9193,261189.1221,473681.8071,410880.7151,899412.6409,829953.7781,75400.72074,639433.6224,209825.294,519743.3002,1074822.94,202705.9891,13048.32304,289736.915,562936.64,107353.4589,76370.10219,456391.2934,354917.2491,359931.4655,2468543.65,272605.9358,934716.8505,98237.88014,494106.9625,139637.0104,200882.7193,3120786.117,196452.6834,373503.2901,26138.77351,282567.538,280255.1619,414851.1509,391121.7275,347383.8699,441735.2404,3226834.046,669804.4371,,1349460.17089,251952.345018,241973.463625,79756.6808901,113150.258771,1091320.65892,88163.5055303,0,52950.1122406,8667.2480914,202160.505821,0,,1121390.2723,909480.268261,0,95249.8059824,931824.653013,567396.052282,0,319255.532186,26349.8297556,62644.4137026,Y-NO,3
"id_16_2-C,2_01_55408.raw",2,id_16,IgGIA,NO,9084018.376,935290.0579,19370010,958753.2543,22932.60733,338265.3618,1130927.617,7204323.815,575992.6754,329596.0834,5228640.308,116071.684,97964.33833,206501.2083,53545.49829,30999.55643,8154691.204,322727.2516,1321711.49,54319.56401,16406.77871,69469.26304,20545.09816,51062.74652,18822.93547,76394.65312,18585.16767,59858.10501,36359.42508,469302.4687,12458.84616,,,,,,,,,,,,,,,,,,,,,,,,,,,,,,896398.7168,129803.3114,1841146.135,86487.64402,6773.985548,277805.48,188629.3212,94635.44877,157525.3992,692946.3498,45315.21929,41890.9374,121007.6523,10225.49275,1432154.873,95980.43099,156749.4922,12577.29762,23002.33865,9713.12335,11582.8296,37205.37883,8112.476358,15558.20644,9192.643828,23139.90374,69583.48984,12604.38478,156542.7616,90443.57907,287185.4566,329814.5629,9700.978568,34179.30362,228487.3619,99047.42755,99193.64822,287461.7007,210061.5904,36090.14429,64425.17001,48356.53883,11095.73731,29371.81261,168788.4713,54288.01107,32494.84581,7310.191263,45410.10621,11099.80149,37742.75595,10889.51454,18271.68026,10443.03773,8692.14721,12661.30713,16007.11297,,,1796877.81986,12378.5616853,15433.8876555,10254.8509174,10681.9076871,5556973.25002,1039228.60231,3399002.46577,578031.458949,,,,,746220.585771,410550.821071,449911.358062,61316.4304779,138007.100319,32129.8333384,13155.0191355,66564.5420163,YA-NO,1
"id_16_2-C,2_01_55408.raw",3,id_16,IgGIA,NO,114006.3525,164532.0706,2901603.973,317424.2428,59860.4149,140207.1837,266345.3496,604390.3576,877020.0118,162670.7754,1607030.374,297408.4107,57462.27439,84439.37435,537944.1104,223140.0567,1149182.333,333623.8227,553550.5194,123921.6808,384561.9394,86233.27576,302053.5157,156991.6127,37936.58498,127872.0297,26927.19066,144859.5318,66665.47456,313193.5275,110213.4689,,,,,,,,,,,,,,,,,,,,,,,,,,,,,,79925.35274,51338.16006,494476.5795,13349.39094,160697.8808,48707.57105,67529.43001,70028.72669,177380.9374,359396.5144,88255.56112,93964.04132,121839.1626,138195.1979,346295.5088,90197.25464,97219.87683,42638.37366,370261.3352,106219.9466,500612.9805,135779.0465,56729.71171,19988.16318,71551.48541,107461.4721,49998.03614,49753.74921,354351.0977,161628.7343,175414.2789,500501.7297,62468.6324,26233.84944,145987.9033,2496.368806,100290.8795,370732.2953,132767.6499,53492.33294,105687.2116,278574.7565,44425.52396,16444.08879,203308.9965,119590.285,119995.7719,120038.7502,49491.50918,246975.135,125817.7461,164095.1199,124360.1834,152262.9916,2017447.303,458857.3654,81419.95437,,,256347.198665,46786.4624465,92718.7812738,23383.1517844,165832.421682,0,91427.3917657,1153082.74923,612494.800862,0,,,,0,158093.679574,128420.646151,37961.8544929,0,68067.3509364,72382.8408911,90256.6962713,YA-NO,1
"id_17_2-C,3_01_55432.raw",2,id_17,IgGIA,NO,8199816.542,822319.217,17232294.96,882576.9778,25823.09495,300582.788,1029473.771,6731870.852,548848.804,282518.9398,4780807.456,145520.1313,84942.12782,200400.5601,36759.94775,15091.31813,7920626.352,323891.7981,1281556.107,59095.57525,13263.22137,58317.83841,31172.30895,45262.60665,33856.72955,48343.39032,29646.71419,52201.89053,22096.78634,467808.0727,13065.84717,437281.5404,78669.12003,771796.3495,145572.2238,27383.30866,167796.09,186614.4186,1671746.249,21180.62725,273732.3143,722374.6197,43721.04178,47397.25038,11158.8466,451992.9694,270523.2637,302879.1606,40027.75165,18726.13412,30251.83438,22411.34105,38515.65153,85048.67896,28159.28935,17172.62493,22954.30891,33231.12174,10880.8671,2848.550915,4915239.405,503991.2135,9382985.974,512522.3364,3228.250252,461771.897,600988.8134,400078.2682,209252.6745,3471364.288,79462.90205,93278.03072,216323.27,2101.662832,4803403.246,168147.2662,749032.3049,10014.96798,46387.33442,21005.93507,34909.33,56065.73805,13372.66986,18874.35458,10838.0346,36247.04954,288207.4134,12549.342,,,,,,,,,,,,,,,,,,,,,,,,,,,,,,,,2696540.68392,9813.829072,28894.4955659,,,5115428.00496,988438.402976,3391330.82335,549947.635982,322217.720362,165596.811999,177730.870798,29634.6734327,3568499.3176,948301.922336,1849618.90812,257490.213123,,,,,YA-NO,2
"id_17_2-C,3_01_55432.raw",3,id_17,IgGIA,NO,112874.4172,134193.4188,2723053.793,359808.2837,173533.3712,160065.9136,296879.9041,580322.772,850179.6047,162805.8207,1401714.321,287470.4241,119491.0272,23957.66705,445701.5553,319958.008,1176006.158,289193.2275,608171.1038,124478.7523,457511.0666,136905.5522,411807.6153,101185.0061,97654.77157,256733.2864,31848.72854,173519.5206,125607.8586,243105.8621,123508.7059,179058.1738,290971.5613,1270360.539,383607.38,132201.4024,116071.4155,163005.6148,4393248.923,49876.52508,474005.6771,1492592.546,33007.54234,476878.2366,243378.5929,1241124.603,118565.2976,514678.4351,53303.39996,125140.0497,50089.8044,6838.797785,50808.08734,261203.4436,132433.7604,417619.0293,119228.4153,193688.5071,184961.6569,182627.8879,53917.95361,93123.06467,1595549.849,84452.23148,281373.5763,147359.1737,25441.96803,607519.2264,167356.6271,1404898.648,200147.8262,106263.0314,179433.6444,201633.5726,874141.3044,161033.7266,475227.7026,65161.41553,436946.2902,281201.3957,2710871.287,116496.6607,112741.5561,34442.25393,147585.8846,114040.6777,203613.1871,83356.6724,,,,,,,,,,,,,,,,,,,,,,,,,,,,,,,,388477.311061,38654.676001,193350.384065,,,0,80053.1404931,1258211.55207,643305.985205,0,54308.38331,717300.201379,158340.381727,0,112267.282187,575426.115385,305708.200904,0,,,,YA-NO,2
"id_18_2-A,1_01_55378.raw",2,id_18,IgGIA,NO,8738252.669,915683.3661,20322661.92,955203.7064,27102.51961,319667.2565,1095602.432,7065251.859,680694.2312,398026.1157,5339264.98,103251.2197,108754.4541,216907.3523,63480.44281,30795.4966,8117708.2,343824.7031,1332098.237,55214.89138,17115.31113,59568.89303,34031.74592,56724.12864,23087.34472,76384.55462,29925.07637,77376.54044,45103.9866,476995.7952,17148.00048,89235.785,25117.18285,292928.616,33872.47704,14232.31374,88730.51591,136418.3354,1597461.528,8996.012435,188680.0623,471089.6202,25744.44237,31507.53037,13740.67063,317140.0345,124637.5455,196231.7114,30869.00894,15861.1843,34192.16303,18475.38904,39125.46377,27961.48432,22204.99891,36533.87517,21665.56293,12325.02672,15188.05921,12055.13244,,,,,,,,,,,,,,,,,,,,,,,,,,,,,4159844.307,293024.1059,9774196.847,1095034.817,34888.84766,122690.8192,375522.4844,2478893.093,356809.9021,208812.4691,6478218.942,135500.717,210741.4368,512607.0229,10487.5151,1891926.511,208135.9129,1402439.703,178731.5665,67153.61178,123034.7648,33431.23541,147989.6912,18299.41637,10676.59604,22003.32933,29987.02666,220548.9655,18836.47786,,,,,,33447.7089155,76344.9104406,5390321.53222,1048846.20577,3356703.19361,597008.316211,110392.259072,114861.026102,79300.1313836,15775.0101618,,,,,1898799.96201,1047192.68684,231006.000281,404855.464174,YA-NO,3
"id_18_2-A,1_01_55378.raw",3,id_18,IgGIA,NO,60504.63724,214400.0401,2956087.861,288307.8138,160795.0681,115798.6063,299719.7787,497347.9633,980120.9518,120866.1484,1554315.708,359844.8967,131839.8285,69803.01306,459924.0557,336044.227,1207942.545,294783.0439,615289.0851,183948.4371,490385.7693,121678.1323,405846.5311,143347.8054,79499.10772,209360.9837,25770.02393,157857.2926,114236.4912,201487.0164,124512.2213,110871.0381,239437.9988,306515.8178,260060.9184,73224.4335,,202997.9751,2599393.874,32059.11487,21553.81832,1122228.304,50655.94101,438676.9009,239524.8962,492162.9806,59084.82599,320669.9719,77809.1019,61046.33403,16980.86533,17601.57279,94645.20674,206328.0812,99502.31268,509601.7953,67235.59953,124285.5407,92298.43675,20719.27617,,,,,,,,,,,,,,,,,,,,,,,,,,,,,340166.5276,207417.7753,1860636.277,632463.8439,212602.0811,38819.39802,105687.686,93517.28359,652146.6503,85694.50481,2421443.52,290923.6987,85479.59932,695909.844,29039.5331,280908.5994,319338.9112,828730.6766,221504.5441,133706.7445,122435.0959,732736.382,259454.1178,114583.0032,184788.9737,137478.5545,4136439.371,354156.4177,95351.06676,,,,,,89981.9756303,263586.517709,0,172561.134654,1235408.59779,666798.913784,0,158188.249576,264089.772179,34991.3588334,0,,,,0,388800.068334,292983.597202,65894.6707906,YA-NO,3
"id_19_2-H,1_01_55399.raw",2,id_19,IgGIF,NO,1112599.016,111973.8034,2449823.611,145169.4785,33218.47797,40421.01119,248552.0542,917365.7966,107205.8382,107622.5676,669883.3411,123615.4419,74214.42934,71681.26627,57544.27762,20634.63445,1058510.11,109018.8582,230347.3675,31750.1259,25675.76729,71484.75854,31305.31333,53702.67507,31423.26972,22805.10327,46779.63587,23488.96414,53577.03249,73777.61976,37914.02342,,,,,,,,,,,,,,,,,,,,,,,,,,,,,,2241753.196,292298.5879,4015325.59,272751.9832,22036.80657,159400.4259,332914.6395,195706.056,135257.8521,1371534.425,183387.1118,54575.92878,100770.036,21504.30348,2672315.61,121484.707,426871.3728,88368.59973,37711.55355,3157.952341,47145.55948,16365.13232,22419.74507,15675.62484,11908.09491,32556.31011,159921.6011,131701.7218,9067231.052,496025.9056,19946463.36,2022035.244,47875.45399,265124.4919,1080687.698,4824529.584,896322.5672,599720.6014,12522515.76,414278.9672,424839.5819,1064604.692,17637.42236,3814736.506,359586.4726,3090268.848,463980.3722,184588.3458,263791.4266,86962.71602,377749.0209,35621.88854,40177.73214,22053.08934,65141.32994,473622.2087,27543.62033,,,923995.921811,12432.0447591,10206.1777469,59924.6424222,135428.410448,647939.354177,147446.266321,371290.504748,107288.082852,,,,,2191264.44433,500842.850674,1425166.09021,156020.963662,4073194.33829,1984508.42043,523620.26092,664593.323346,YF-NO,1
"id_19_2-H,1_01_55399.raw",3,id_19,IgGIF,NO,14288.24547,10112.48305,517960.6359,152479.6612,134877.8115,75781.30171,16526.37971,276643.9881,156017.2282,28347.23606,224302.8886,101813.1361,132429.791,76437.80975,137438.5648,102141.2969,276816.4621,164795.4335,107811.8606,84324.33554,87765.44183,106218.4753,127880.0601,61915.62069,160602.5811,112589.2173,51112.53987,58055.75364,84642.44432,110000.5414,149569.0304,,,,,,,,,,,,,,,,,,,,,,,,,,,,,,154219.5792,126973.9456,695494.7803,355964.918,261780.0894,98610.4421,,235330.9432,151106.4788,645361.3188,322865.6037,435725.0245,358153.6436,119300.6116,371950.1465,40344.73979,162751.9251,17840.53286,516168.5976,231979.3531,1429345.234,86416.88287,196987.7624,234501.1079,177378.6803,66372.62855,6257.704921,360622.1984,439404.1127,179704.2085,3603646.789,1050290.111,543817.8625,89853.11974,260432.7714,164724.5804,1076073.102,1041028.019,4607442.637,539906.201,192071.0199,1141554.606,324013.9058,613472.1671,412449.2851,1905869.646,803353.2623,527463.8773,159992.1885,1318209.286,679998.7706,173241.7825,125262.5457,224376.1831,1964345.225,702692.3672,49973.11384,,,253929.258146,40937.9770068,92749.1963494,148005.153389,283186.6591,0,34060.4552961,394036.319289,145158.939502,0,,,,0,275982.290667,644603.525277,322521.203108,0,657430.205485,773648.319668,51638.8362675,YF-NO,1
"id_20_2-E,3_01_55438.raw",2,id_20,IgGIF,NO,,,,,,,,,,,,,,,,,,,,,,,,,,,,,,,,203913.6556,50578.05511,353481.3937,60183.13496,8574.686722,2793.1969,58296.16644,93450.80407,49010.9485,44512.29044,318788.9826,79364.00684,189720.6208,23486.6194,34047.95547,75751.74258,108613.4763,36337.0018,9178.402858,30687.11687,11291.17414,37810.45602,7165.742829,11674.95756,7306.890607,10015.93101,49145.61542,17442.53449,5089.679543,32736.56992,108738.1354,34358.28631,78106.1082,23949.61226,129725.8154,67505.76977,40337.42256,212149.7047,30741.96044,147986.378,23083.81328,69073.16532,16383.90002,91286.58099,97022.36958,29606.88223,113720.2085,16576.42489,17122.77605,33476.34297,27905.3614,20699.3639,12597.91683,21831.00366,41871.26605,23298.74293,96269.07592,10102152.04,586524.6292,21952322.45,2257830.961,37172.28384,232077.4272,875217.9431,5770442.129,706943.1815,418096.3244,14515750.29,390425.626,450856.9621,1146404.857,26721.92456,3910808.029,311604.0689,3439242.284,459519.7836,168475.4433,270562.3072,83296.78455,395833.8761,30700.02415,38250.07402,32449.51346,47174.37591,411013.9607,33094.76603,,,,,,97838.9123195,151430.280813,,,,,120278.491873,32228.7487718,23613.7579806,20198.4861229,94461.6352795,160079.386968,420245.208655,29463.2207966,3836225.60663,1931910.74157,485451.401931,656739.044502,YF-NO,2
"id_20_2-E,3_01_55438.raw",3,id_20,IgGIF,NO,,,,,,,,,,,,,,,,,,,,,,,,,,,,,,,,80976.15977,253175.5205,72849.54731,147870.4164,36859.87887,13153.57648,28247.63646,695232.6515,51020.17273,24548.98778,191775.9236,95590.59846,159058.3539,54304.32816,182226.209,141965.843,27129.3403,99835.78648,14239.26295,100240.0582,32168.27613,111816.0472,46807.15404,14108.23318,73321.19491,39569.57163,48660.65353,153665.2834,44977.97599,120374.2296,158368.4996,10370.27854,371776.3053,764551.6497,175758.2114,64486.70106,109961.3569,272141.5788,75660.60501,198607.4432,1012861.705,380832.9061,175520.5743,12785.77071,,37633.77405,75016.18754,764662.4313,22942.37645,7734487.224,149870.4303,234978.4988,408608.1052,271957.1368,87199.24804,85043.55521,435699.2002,504207.3396,176242.5921,4025664.551,944366.541,469662.9521,58596.42074,86639.30604,198757.0631,1202766.273,342045.5182,5320302.19,649163.7201,107588.6173,1167867.512,247318.7816,544027.0123,288778.3394,2011288.515,807397.1143,539250.9503,241485.4642,1731082.531,770898.5071,112436.3569,87867.33702,187725.5438,3729356.047,771571.3107,49057.71233,,,,,,235055.739458,237934.799831,0,,,,0,27446.0755429,65874.6122792,55512.7972911,0,519327.266173,273858.524557,145451.532644,0,828728.656521,672774.648854,21924.0846095,YF-NO,2
"id_21_2-F,2_01_55417.raw",2,id_21,IgGIF,NO,2309201.752,208666.1483,4644278.109,222490.3358,38225.46807,61784.49566,317071.503,1891159.227,157367.0614,123068.373,1147160.192,128052.6678,46187.73068,69981.92141,38308.03313,30267.71317,2195125.705,126273.0386,332894.7516,29434.64613,26192.55006,79275.4534,26966.35537,35363.88119,42154.43166,33654.99892,38904.36061,11019.00322,50281.35366,116468.1986,27043.1202,,,,,,,,,,,,,,,,,,,,,,,,,,,,,,,,,,,,,,,,,,,,,,,,,,,,,,,,,,8911078.418,522383.469,19653898.66,1973358.205,42823.03596,208377.2954,766878.2056,5085134.42,629388.5273,338302.2249,12786856.81,350344.2534,400211.9425,962774.5396,23615.13236,3605336.904,240293.3062,3016232.156,393454.6646,147010.3633,233917.003,77603.5411,337412.8899,26021.84056,39650.96798,33868.3986,45407.56128,377339.5546,30348.63024,,,,,,67235.1520574,140133.885764,1415498.60139,314496.566627,853312.434778,158974.515432,,,,,,,,,3516964.99045,1809313.40692,458213.319754,624475.312465,YF-NO,3
"id_21_2-F,2_01_55417.raw",3,id_21,IgGIF,NO,47555.89481,52192.02644,912051.0383,175695.4053,52540.37001,54752.8476,50928.51981,294352.9818,228342.9582,70764.85503,415075.7187,109880.8598,98560.9387,91971.14525,209968.2754,56666.12679,376513.1735,201647.1689,126478.5051,57887.92614,118648.7124,94359.40854,101974.9316,53928.93148,91431.6837,49363.31064,50555.81404,74336.48102,43667.3302,161612.5436,142653.4717,,,,,,,,,,,,,,,,,,,,,,,,,,,,,,,,,,,,,,,,,,,,,,,,,,,,,,,,,,606531.9537,305387.7686,3697985.548,803420.7947,453716.6912,47527.95513,160227.189,73315.69424,1408584.091,289894.4844,4687786.958,532227.0629,264285.3463,1072160.787,250426.1892,524826.9136,283042.9219,1922621.454,772318.5998,566777.1809,150134.838,1376312.422,648410.5332,97175.06269,114305.9853,214631.2969,1873044.421,853133.0345,105723.7485,,,,,,172812.285328,259817.339704,0,6824.2447618,497150.816387,136427.020792,0,,,,0,,,,0,631612.913942,680823.627868,117851.041973,YF-NO,3
"id_22_2-H,2_01_55423.raw",2,id_22,IgGIILE,NO,2482152.023,201726.8785,4941720.318,236505.7627,36860.78574,89625.1191,333120.8474,1990713.752,175908.6175,126329.4272,1211180.653,143771.8576,60131.71593,78907.56566,54322.13331,16654.1214,2312451.73,141725.2662,339783.3307,28804.44481,13350.82756,81265.51076,31771.02849,49635.40716,31099.9532,20279.67954,46816.89432,22809.46861,57940.16866,139294.8785,36067.15113,688808.8913,88355.20386,903751.5938,361931.5171,19255.43005,146324.9046,151422.9375,833540.0741,37942.61859,150527.8902,586832.1279,49351.69394,32802.49113,20537.96387,475297.6878,180133.3827,228687.7686,21918.16676,13286.57157,32536.44564,1292.386908,32331.71505,243348.7143,27868.30697,23171.85825,24970.3213,64183.91166,31394.88836,17174.41174,10772910.93,1081662.031,17778204.45,1104887.875,25238.7495,681007.1839,1791208.521,902516.4506,396034.2775,6718589.754,193953.0547,117135.0219,352141.8516,21913.47694,11749436.64,366068.3972,1931727.782,41190.18521,85988.52737,34355.13474,96428.04471,38416.5967,34704.0858,9693.960532,16243.07548,43508.20861,906758.4677,,72258.51783,26182.91597,73650.59668,87511.16892,26599.9,519954.6331,1360789.254,71484.77886,1049857.184,1396290.242,77468.47692,176878.6797,76978.74191,12805.6399,31728.16571,48679.71443,496000.167,58499.8973,28517.99558,59120.09456,49135.23922,14910.92629,15253.64007,9715.40466,50787.53313,9255.223472,75471.70844,188822.8303,33208.91974,,,2046035.5286,38757.5150124,87775.9891801,15185.3024331,,1513853.16589,314907.82366,889270.333937,167011.700805,436917.552224,95185.1439635,235947.335065,67918.0238913,9743258.01385,1974906.21692,4886107.4757,933434.675624,378200.925048,60787.5124645,18838.8681315,,YI-NO,1
"id_22_2-H,2_01_55423.raw",3,id_22,IgGIILE,NO,40389.34288,26429.25007,968007.8035,192587.2702,61890.00556,64447.48701,83020.39326,417022.1308,285970.4722,80413.95619,445697.3709,130037.5831,137016.8859,99797.77956,258087.1705,45258.28141,387922.9748,249285.664,138077.4998,70894.21052,128051.1589,96405.56029,120971.6721,65340.65127,107952.1616,60495.47628,56971.56072,83854.24413,50060.03817,186612.6346,157685.5285,366742.0029,186634.3322,1389759.661,281517.5128,104712.9766,180992.5972,298140.4285,1777600.603,114258.9317,374924.8855,1185094.321,93420.14668,150261.951,86376.17885,1511787.779,283014.772,486879.7986,58406.12798,173533.168,273112.2273,25816.19273,71787.28681,332211.2934,44557.95832,214173.6472,60683.75852,139422.756,428151.4054,464170.4871,231960.6286,147928.6516,3059268.141,273699.5126,334114.3861,329017.9716,25405.79762,1018606.759,292340.905,2369584.333,466391.6822,151171.1874,160709.0178,303636.3508,1881661.581,478549.3798,1125371.098,170351.8319,528664.9799,703729.8617,1704760.66,147120.0529,205036.7531,19094.30625,135240.0397,225671.0442,420194.7694,71518.87607,440717.2578,264004.5665,43763.93958,924477.3545,119521.3673,55797.78906,995704.7142,,235423.3002,2983162.567,12997.78206,321630.0273,102271.0787,606016.4628,225383.3533,60764.25657,1274309.544,96439.51496,55301.85339,111750.997,77812.95755,383570.7335,56745.03453,159670.3574,249827.3328,166015.2642,2814963.109,1439122.173,2187.229753,,,292530.336007,56478.0826224,233925.68066,6340.5163531,,0,10648.3026014,500833.561865,161523.91112,0,108223.065656,990916.339364,391200.143078,0,226944.143164,1430245.70287,1211536.51315,0,342771.917064,66555.8572109,,YI-NO,1
"id_23_2-F,1_01_55393.raw",2,id_23,IgGIILE,NO,,,,,,,,,,,,,,,,,,,,,,,,,,,,,,,,790396.6487,94492.07993,1006660.908,478608.8947,25549.00119,141523.5492,140309.4344,542835.5337,25295.68055,124129.2437,667470.4628,36551.60913,37165.66987,22923.73954,533924.8593,154324.1043,226926.5844,25488.97146,17014.86074,44603.91623,5600.968851,30789.7435,339415.5711,36940.27158,27974.00452,35383.00314,29625.33497,27039.76822,29329.93322,11844106.39,1184142.547,19963806.02,1339642.208,41308.22529,809325.4446,2343419.318,1067211.431,452684.4099,7780279.577,247591.9346,163455.7878,411528.5042,33899.72249,14602847.34,520375.7553,2512679.107,55873.1189,111233.2562,38818.39698,129288.0556,24942.98725,49489.65493,17443.89428,27573.19652,53406.03434,1246331.974,25770.17535,4077525.265,183309.3218,9058572.923,634618.0395,23810.456,439323.4263,1489470.027,1655335.874,1594907.443,1484061.062,5839045.749,360177.0617,211742.4502,380002.5349,44910.10565,1336833.686,570174.3846,1224774.85,135564.6384,116773.3702,69289.65126,30556.45612,115314.1646,14992.72478,76367.60365,17729.82109,102899.0691,370759.2783,38773.32775,,,3627743.03222,45145.5354606,131482.421658,28951.1679225,46677.7088688,,,,,552089.535515,118141.511111,285153.275887,114259.071278,12211623.1949,2610653.30708,6342105.03441,1324977.83679,1919606.2966,790670.605183,174843.849149,206594.81722,YI-NO,2
"id_23_2-F,1_01_55393.raw",3,id_23,IgGIILE,NO,,,,,,,,,,,,,,,,,,,,,,,,,,,,,,,,500396.8794,299795.3108,1654317.879,422047.9559,176980.8673,313045.5853,244944.7529,1013625.54,114260.9701,212345.7201,1138330.64,52059.01963,88309.5265,48975.54137,1539554.952,369561.3297,481658.3329,62534.91951,212507.9454,297400.0013,23762.98956,74221.23953,388371.5766,23955.76779,83502.23238,56309.27235,92593.29829,424501.0494,518768.024,215819.6734,148223.0956,3393869.747,488606.2325,540645.2771,381587.4351,,684519.1081,278092.2064,2723280.84,653534.5279,442942.9108,207959.5879,255736.194,2274028.87,230078.0976,1377908.816,211325.6177,311218.2456,789984.8435,3685814.647,130596.7011,193775.8962,88690.92208,183345.4591,99161.59196,324513.1052,136116.2366,183115.09,34405.89461,1642680.109,1432204.191,217628.9052,167477.0827,1161835.672,8337.173445,365802.0352,3148728.413,2179149.024,341952.6034,71370.97467,1047425.139,266682.013,328328.9778,1615467.269,781839.6704,216850.4502,99454.77624,109424.3514,599423.7759,172841.7827,96267.94712,354615.1733,90614.6891,3111277.788,1133943.428,,,,426637.434939,44762.1621542,263964.520839,69484.2488767,52507.2859608,0,,,,0,141770.83423,1078698.18527,485225.486182,0,226063.098999,2051607.95934,1588567.56644,0,613317.646942,215464.409359,82659.6020197,YI-NO,2
"id_24_2-C,4_01_55456.raw",2,id_24,IgGIILE,NO,,,,,,,,,,,,,,,,,,,,,,,,,,,,,,,,842147.9498,165950.0448,1088701.152,444660.2222,3894.799459,111033.0729,126710.363,363053.5472,34722.62334,139373.9486,506073.8916,15459.86087,32365.04615,10314.31167,338616.7296,83834.26292,99453.16687,7045.132258,6457.548888,6746.758852,21148.41346,6238.234529,35340.48744,20540.00545,47897.65718,27849.89227,8750.706246,6908.248543,28664.84965,14718506.25,1604499.855,29036434.94,1714179.137,38499.66139,738576.525,2170668.729,1056624.044,555516.466,10434844.85,249085.0707,201444.7721,421555.9266,15931.06924,12924892.77,478797.2829,2467348.757,48902.22848,111594.3321,49220.32927,102772.7825,43609.88817,40620.41518,8224.79111,25836.31339,32709.01448,1097039.964,19749.08339,75164.36222,24351.79591,116333.9121,42274.07909,19864.81474,583862.9411,1471447.944,18244.5396,685136.9241,1527684.179,70386.02206,180299.8721,86299.41342,6495.759431,16486.29265,108415.6335,429949.6818,29462.24034,24293.12407,97815.10792,26469.54698,22171.43918,24176.77969,11451.27835,94731.95407,18118.29241,48109.18875,111739.566,73771.72031,,,4835202.20867,46871.3945066,112351.50616,19078.701834,7111.3995435,,,,,365940.206236,132162.06139,70499.9102927,20725.6802448,11452061.3248,2293467.18869,5654395.63366,1118526.88524,421560.370265,35041.0738811,17998.7845339,29691.5707667,YI-NO,3
"id_24_2-C,4_01_55456.raw",3,id_24,IgGIILE,NO,,,,,,,,,,,,,,,,,,,,,,,,,,,,,,,,578204.1079,291349.0422,2134853.053,268954.1517,137344.224,224618.8997,209855.6917,816825.8857,166566.2959,226067.1606,1349419.554,10639.60913,34616.69961,22561.73922,1064643.903,366137.6555,287675.1076,49763.1763,234328.5084,150795.2594,20371.2976,53907.92822,228482.7238,27183.01442,98241.60361,5349.049601,42271.10769,273998.8302,553315.8362,262059.1871,242911.8271,4487999.765,345179.513,198986.1892,332966.9382,20328.54754,1094174.446,237221.1679,3505883.846,559236.1513,175238.4836,193226.6368,197381.6609,1975848.253,473753.3902,1345183.217,131713.651,268314.001,766180.0388,729480.4323,107954.7356,205809.8708,35296.57123,246879.5353,93661.69282,536311.1606,64043.71051,183386.5296,23583.89843,187099.6086,1099759.154,42280.23367,354031.2552,636868.811,,202721.8553,479516.5399,48103.43319,209812.8065,47868.31237,764373.4197,95437.22501,44798.6781,1524746.758,187135.6972,111421.3381,57270.22039,10106.66957,374329.9514,100021.667,171158.3877,552853.8481,164138.9131,3769034.919,811818.3535,38955.71836,,,426375.500079,56567.0431813,269135.861108,7568.2918222,65790.3886531,0,,,,0,140737.32709,853028.774741,354548.161794,0,197564.820663,1654222.07701,1354870.6851,0,313508.978372,47937.684872,106996.839545,YI-NO,3
