Sample,Charge,IgGIA1H3N3F1,IgGIA1H3N4,IgGIA1H3N4F1,IgGIA1H3N5F1,IgGIA1H3N6F3,IgGIA1H4N2,IgGIA1H4N3,IgGIA1H4N3F1,IgGIA1H4N3F2,IgGIA1H4N4,IgGIA1H4N4F1,IgGIA1H4N4F1S1,IgGIA1H4N4F2,IgGIA1H4N5F1,IgGIA1H4N5F1S1,IgGIA1H4N5F2S1,IgGIA1H5N3F1,IgGIA1H5N4,IgGIA1H5N4F1,IgGIA1H5N4F1S1,IgGIA1H5N4F1S2,IgGIA1H5N4F2,IgGIA1H5N4F2S1,IgGIA1H5N4F3,IgGIA1H5N5F1,IgGIA1H5N5F1S1,IgGIA1H5N5F2,IgGIA1H5N5F3,IgGIA1H6N3F1G1,IgGIA1H6N3F2,IgGIA1H6N5F1,IgGII1H3N3F1,IgGII1H3N4,IgGII1H3N4F1,IgGII1H3N5F1,IgGII1H3N6F3,IgGII1H4N2,IgGII1H4N3,IgGII1H4N3F1,IgGII1H4N3F2,IgGII1H4N4,IgGII1H4N4F1,IgGII1H4N4F1S1,IgGII1H4N4F2,IgGII1H4N5F1,IgGII1H4N5F1S1,IgGII1H4N5F2S1,IgGII1H5N3F1,IgGII1H5N4,IgGII1H5N4F1,IgGII1H5N4F1S1,IgGII1H5N4F1S2,IgGII1H5N4F2,IgGII1H5N4F2S1,IgGII1H5N4F3,IgGII1H5N5F1,IgGII1H5N5F1S1,IgGII1H5N5F2,IgGII1H5N5F3,IgGII1H6N3F1G1,IgGII1H6N3F2,IgGII1H6N5F1,IgGI1H3N3F1,IgGI1H3N4,IgGI1H3N4F1,IgGI1H3N5F1,IgGI1H3N6F3,IgGI1H4N2,IgGI1H4N3,IgGI1H4N3F1,IgGI1H4N3F2,IgGI1H4N4,IgGI1H4N4F1,IgGI1H4N4F1S1,IgGI1H4N4F2,IgGI1H4N5F1,IgGI1H4N5F1S1,IgGI1H4N5F2S1,IgGI1H5N3F1,IgGI1H5N4,IgGI1H5N4F1,IgGI1H5N4F1S1,IgGI1H5N4F1S2,IgGI1H5N4F2,IgGI1H5N4F2S1,IgGI1H5N4F3,IgGI1H5N5F1,IgGI1H5N5F1S1,IgGI1H5N5F2,IgGI1H5N5F3,IgGI1H6N3F1G1,IgGI1H6N3F2,IgGI1H6N5F1,IgGIILE1H3N3F1,IgGIILE1H3N4,IgGIILE1H3N4F1,IgGIILE1H3N5F1,IgGIILE1H3N6F3,IgGIILE1H4N2,IgGIILE1H4N3,IgGIILE1H4N3F1,IgGIILE1H4N3F2,IgGIILE1H4N4,IgGIILE1H4N4F1,IgGIILE1H4N4F1S1,IgGIILE1H4N4F2,IgGIILE1H4N5F1,IgGIILE1H4N5F1S1,IgGIILE1H4N5F2S1,IgGIILE1H5N3F1,IgGIILE1H5N4,IgGIILE1H5N4F1,IgGIILE1H5N4F1S1,IgGIILE1H5N4F1S2,IgGIILE1H5N4F2,IgGIILE1H5N4F2S1,IgGIILE1H5N4F3,IgGIILE1H5N5F1,IgGIILE1H5N5F1S1,IgGIILE1H5N5F2,IgGIILE1H5N5F3,IgGIILE1H6N3F1G1,IgGIILE1H6N3F2,IgGIILE1H6N5F1,IgGIF1H3N3F1,IgGIF1H3N4,IgGIF1H3N4F1,IgGIF1H3N5F1,IgGIF1H3N6F3,IgGIF1H4N2,IgGIF1H4N3,IgGIF1H4N3F1,IgGIF1H4N3F2,IgGIF1H4N4,IgGIF1H4N4F1,IgGIF1H4N4F1S1,IgGIF1H4N4F2,IgGIF1H4N5F1,IgGIF1H4N5F1S1,IgGIF1H4N5F2S1,IgGIF1H5N3F1,IgGIF1H5N4,IgGIF1H5N4F1,IgGIF1H5N4F1S1,IgGIF1H5N4F1S2,IgGIF1H5N4F2,IgGIF1H5N4F2S1,IgGIF1H5N4F3,IgGIF1H5N5F1,IgGIF1H5N5F1S1,IgGIF1H5N5F2,IgGIF1H5N5F3,IgGIF1H6N3F1G1,IgGIF1H6N3F2,IgGIF1H6N5F1
"id_05_2-B,1_01_55381.raw",2,9960385.134,1120061.531,21698778.61,939610.663,16118.18795,354085.1486,1321332.881,8413892.445,779705.347,403098.6402,5724400.015,353147.852,292697.4699,213950.5409,41098.317,37305.39976,9453887.701,374537.2211,1476514.512,108599.8903,29739.62563,126233.5556,51564.54309,134313.8376,19286.20794,83298.04526,22251.20412,75768.72835,20711.97818,618091.8063,2767.788059,2571679.59,398403.4007,5803229.304,1156037.457,20463.63036,45820.67916,323679.0346,1068386.806,138862.8508,998631.9521,5227958.421,640129.0765,87965.47249,646342.6157,11026.37188,10936.18151,87254.58846,528904.9221,1639260.873,679629.6864,22268.87503,120525.6349,12828.08207,544702.8925,140347.2636,46095.38598,27291.96625,36280.36701,16562.83963,16144.762,4332.924891,2699911.596,411610.7417,5945253.988,964879.0999,39261.07145,129519.0334,351607.7942,3307445.869,128593.7324,626493.4473,6662737.72,215238.9067,127045.0451,1103912.655,58014.4773,28194.70656,974248.98,314423.5729,2162559.227,611031.9585,65220.88785,134472.5151,34249.17361,511619.8652,184864.8173,49934.04731,45776.98493,44902.40302,21764.75701,94948.34387,13973.87472,,,,,,,,,,,,,,,,,,,,,,,,,,,,,,,,1472855.594,128954.2414,4195157.338,1429944.617,22380.7194,88027.1442,873833.0466,660651.2894,64150.5141,2120236.807,3337664.581,398690.3493,59303.06642,655712.572,35785.26742,9308.643329,112332.463,2057122.36,945254.6909,596243.941,24135.20621,112743.3671,17946.55795,485215.9543,116720.5036,31100.69974,28358.61206,27751.53424,32583.28786,113230.9947,21425.02098
"id_05_2-B,1_01_55381.raw",3,141356.534,236781.0689,3051463.515,249349.8973,62131.10017,207160.1384,424558.6645,577239.5029,1053963.206,133121.7241,1695707.734,711394.349,671432.4985,125251.257,603779.5669,264252.3134,1240537.76,327477.3789,633589.5974,315268.4329,554582.2176,316071.5397,482356.4271,321064.0358,66955.60748,194595.2276,44720.66855,212183.8808,46205.8306,403983.042,103073.5154,250167.8369,212911.8428,1351797.76,572574.7124,116968.8797,63806.42246,124181.9445,142122.164,365311.2664,228077.468,1751557.105,1022125.939,61778.1533,708549.3131,48948.88225,152819.5581,154413.3637,238079.2403,1269900.315,1286562.82,443514.9335,132992.5723,265762.1595,1144582.656,169400.0415,76606.74207,209403.0301,15230.0756,,76624.56094,185859.3303,86803.21807,124613.1763,1442775.291,715682.367,169743.7514,139731.3546,291981.9657,2524681.852,325697.8417,548271.6341,3589692.379,462743.6576,503549.6352,1365426.244,862406.4829,389200.3582,786159.4199,4204.039238,1445523.487,987401.6327,172790.0432,164890.533,74987.61874,774168.0066,394527.6542,286745.1514,500668.7982,165853.3003,181396.9451,151253.5585,,,,,,,,,,,,,,,,,,,,,,,,,,,,,,,,,239768.798,47650.86702,871707.3942,808950.483,103364.6076,78772.36841,103507.8547,132893.1756,158513.7202,333524.1016,1224496.976,862015.074,50888.8141,781069.9031,767951.4127,,34573.96476,1163667.001,556356.0443,1083939.868,52222.1923,557007.0962,349028.2911,970524.7784,364136.1607,265720.587,309502.3303,322389.592,3597661.669,339717.5954,24692.98525
"id_07_2-G,3_01_55444.raw",2,186386.7502,41852.20885,422544.8208,41579.53549,37363.28867,17054.47405,68910.78208,170358.4406,53177.36733,45275.2731,104111.0533,123664.8286,54753.43097,48455.08527,46490.39433,36200.47194,187820.0376,91567.23341,99965.55055,22153.00358,32960.41494,51561.86184,28553.43341,36394.93238,37764.88788,34570.8228,45742.83838,23439.0382,37385.51649,36130.37028,41023.09134,,,,,,,,,,,,,,,,,,,,,,,,,,,,,,,,,,,,,,,,,,,,,,,,,,,,,,,,,,,,,,,26175.91263,140748.1107,44847.20665,105866.1027,29294.87876,84702.13445,95544.50517,99117.46269,31879.9274,97498.31699,24368.50472,198524.2312,31641.1416,101640.932,42901.61076,7063.216825,46589.56014,59009.52937,56802.0893,29191.25076,152335.9222,52904.30163,25668.72263,48740.92893,51651.48012,49937.15984,25318.73331,32735.7993,40360.69243,34564.59736,33585.05386,11454679.92,789193.6724,24490117.68,2423860.666,54324.43485,318368.3361,1049650.887,6854347.515,826072.129,401705.2175,15816312.8,394830.5826,497284.4202,1281459.743,133290.9669,33032.71418,4858820.959,325480.1409,3629428.536,460363.387,183544.4618,309135.5984,104710.3074,408794.9089,185826.1765,38549.74706,54123.35679,32819.13988,53717.43951,554040.2584,41883.56805
"id_07_2-G,3_01_55444.raw",3,51804.25897,28594.6766,2103283.402,30320.53713,83795.20531,69661.9533,12697.02597,436523.0555,58400.15134,129694.5498,30122.55731,46556.22577,66413.10765,7417.275271,84430.92848,65967.46407,252472.8388,85070.2376,42703.42679,67507.92912,17183.71927,69741.547,138395.8988,49102.06314,106034.7857,99243.26327,55262.07913,45781.42113,50040.77089,103846.3718,139452.4359,,,,,,,,,,,,,,,,,,,,,,,,,,,,,,,,,,,,,,,,,,,,,,,,,,,,,,,,,,,,,,,84569.28235,89821.44652,21527.64731,297793.0226,594446.1078,309157.2264,4383.115484,478530.8772,34065.65709,266759.5319,42343.35141,210852.2369,642925.0284,681441.3179,117004.3779,173839.3258,,,4697.289052,5134476.221,40370.04421,895510.2808,18377.3968,6433938.859,144167.1516,538208.7626,455369.2835,344666.8276,45077.93405,90179.35333,448995.5278,574305.7232,278939.3655,4369635.635,971101.9412,697051.6702,68182.96546,84426.02806,238981.7055,1223412.639,374856.496,5677879.394,725708.0982,92077.7236,1244689.514,516909.3072,276622.8019,647280.2574,248508.1716,2178637.557,790204.3289,587802.6781,345593.6638,2134521.188,726035.5865,334073.722,202073.4488,169853.6637,136081.2438,3584589.895,831036.3512,93620.95175
"id_12_2-D,2_01_55411.raw",2,,,,,,,,,,,,,,,,,,,,,,,,,,,,,,,,3967241.008,493208.0873,8506104.932,1671789.809,25600.33876,62629.32691,475849.5782,1876119.262,956802.124,1457289.626,7346407.82,883855.9963,203666.2429,869842.2722,18337.21513,17654.03857,219130.9582,786871.3031,2330604.108,971680.3282,32367.09574,179124.1399,20312.19524,759857.1939,171459.1685,48258.43941,22601.16676,33111.68928,30904.22084,46100.59011,5424.939007,2928297.885,652562.0378,5753952.206,1546440.104,38635.08523,137617.4291,352769.8771,1985559.103,12028.92587,759027.2578,5915054.418,264901.5885,58637.87157,2030666.381,75911.1092,10815.37017,530455.6041,417350.4029,2243307.076,898484.3725,28165.16921,116117.3746,21509.64834,720128.5566,547958.9167,53130.54529,59482.81697,46014.45053,12227.54611,36323.23414,28347.27089,13335966.68,1124206.864,19120671.27,1256631.03,70464.5337,936252.7598,2321992.782,13052053.43,1366510.031,367933.7526,7288856.969,212499.4611,117042.0875,393347.5901,85130.0105,47916.21507,14358410.85,485121.5393,2360008.242,133362.315,40368.8052,97653.36196,50630.37411,113413.0685,37271.46211,56352.16197,15774.37154,23922.36759,64554.79084,1304287.612,28485.01317,2112476.904,39456.07294,5468086.714,1379432.706,61893.80471,485741.4933,1666485.793,553059.4397,1407309.358,2343353.144,4073785.583,678236.2644,96862.10326,766593.6964,27255.14082,53250.67966,34772.14635,1410010.15,1099754.256,694576.453,103529.8574,79061.18428,24534.10807,556464.0742,114859.5369,23560.84876,88623.69096,33382.30032,93485.4003,213253.5969,78897.91438
"id_12_2-D,2_01_55411.raw",3,,,,,,,,,,,,,,,,,,,,,,,,,,,,,,,,401479.9089,354465.2418,1764230.818,808865.1576,224419.8761,69659.22226,252484.2743,160484.7948,686222.675,271360.2793,2461656.786,1571403.28,31469.43694,1005979.852,48021.25734,206354.7995,221264.2984,328817.5664,1495791.29,2093922.763,305815.6407,251225.1344,293712.3598,1671790.768,311371.8639,159804.9601,110918.848,121911.5051,,,173235.8537,578412.0264,340447.8741,2349239.662,884440.7188,230029.3099,345664.0657,229276.9657,1045646.062,396425.8795,444840.9228,3309764.776,525636.015,28357.99753,2076242.452,345377.8593,162810.7322,1420283.286,557514.0873,1618458.633,1748930.311,279183.4603,380275.2147,86345.47705,1392882.912,780917.6561,208258.3402,15497.92773,116918.0631,52339.19486,528535.2012,307659.7875,225167.2557,127071.3559,3036130.882,364678.074,513576.6873,572044.2774,24019.70173,1263966.13,1100605.469,272289.058,2325302.343,655315.6763,110186.1737,85544.81181,311983.7867,261125.5527,2144294.342,216895.8512,1547883.676,618771.5117,246983.5145,288397.7155,792047.9331,680604.0665,341646.2511,313592.8699,10748.15057,258325.1529,165610.7541,561729.5122,319691.0732,327460.1313,56137.36933,866390.825,1786642.575,287160.8963,184941.8837,1352500.008,76146.91034,518173.859,3040535.892,1244086.323,990525.3566,102819.1087,1533784.686,509444.3201,247806.559,206551.5361,1940989.78,761908.0116,1411369.315,54158.19197,518391.244,304960.258,1168682.234,139879.2002,318133.1364,439641.1329,324313.9651,3022567.956,1046469.291,
"id_15_2-D,1_01_55387.raw",2,68429.73425,69987.27142,188857.8263,45990.37435,11263.75101,27698.32602,27724.37262,26265.33718,293627.4011,30140.38919,132690.5035,154269.6407,50085.63644,20880.74685,6163.669745,16238.85058,90589.81693,79349.16241,20649.6708,81381.72322,8921.488502,102664.6287,43974.62571,69377.56067,29904.68226,17122.06098,5905.323775,9713.202165,15170.7146,11545.17908,9242.301813,699391.5219,143544.9107,1476828.438,256563.8257,10884.93558,33927.668,110024.7126,307101.164,282723.0933,276981.2516,1345607.381,147242.6843,47965.08965,125265.9628,4928.556778,13525.72048,61792.20622,133147.4248,388061.071,159397.9294,9050.431302,32832.92552,9034.994135,131871.2522,22921.64499,14569.50291,9151.26721,7304.945944,18414.30906,5958.579062,14590.77338,9343073.034,632781.0235,18041773.88,1773894.773,71908.20478,359131.3926,944831.9057,7098258.497,365623.7357,481224.5501,19420845.15,525070.5743,662479.7687,2413906.104,207836.8409,28786.05629,4129641.757,360796.2175,5937965.063,1085598.913,345544.2044,477785.9626,214327.3847,886659.4964,362254.2611,85238.18743,47269.45874,69682.58343,64201.31755,393578.6074,22937.18529,5662583.941,522943.8833,8492927.447,475073.3497,25923.63303,440479.7673,872020.8414,5661743.681,1040177.206,160443.2003,3184189.392,80923.94595,239747.6588,151210.9196,34052.79481,5496.922703,6452880.024,224435.1569,958162.8634,32097.03994,15716.89834,97336.81482,11054.24023,37014.61479,56079.89235,15473.1243,18005.64144,16152.67684,24202.04561,537915.7376,46943.89818,407414.4063,34691.03109,1165832.28,215176.0605,16453.37416,220300.0825,3761102.383,83454.10376,547322.0841,7152839.6,820162.5848,180000.3568,57160.07552,133572.7779,45039.26459,15243.27891,100975.661,6722522.344,333011.3151,124500.9394,24434.16014,91210.53789,4019.554154,96461.16976,58809.94222,13090.86467,38604.10528,14489.60066,115494.8861,223555.3204,21639.08163
"id_15_2-D,1_01_55387.raw",3,63539.71342,92101.90379,236016.5102,3923.89387,41960.02304,66069.36814,18099.72864,290222.8624,262237.9538,28748.35158,36260.00072,870379.5992,135220.0272,37351.36777,104586.7658,113884.2293,21280.25161,16221.51611,20805.67711,242748.5926,108051.4632,608419.4074,351942.9643,259730.9956,72332.66112,95324.88395,49032.11142,87106.54744,21341.53841,196741.5465,57422.83819,257324.2881,175430.9839,589219.971,152641.8879,89789.45731,73882.20697,139469.142,93260.91026,234215.2244,18509.81277,435371.4824,286751.077,107318.6659,275368.7525,3602.059809,119424.3902,101094.0607,79050.10536,394299.4525,299577.1203,102960.2314,45665.70082,314897.9363,251297.8543,67481.62713,34419.72668,299144.2124,36851.35018,,1952.846385,119767.712,385936.2364,344016.0432,4300062.189,1113848.962,353207.6358,122963.8036,196811.1227,868314.6229,595622.4623,450574.5702,8012425.84,648814.8946,295511.7427,2234700.8,459600.6681,408532.5197,1207622.188,260983.6013,3532278.991,1475452.129,1133232.975,411046.7657,384016.7521,1178785.476,437826.2521,287450.5561,32197.06472,240626.6295,123542.3909,483230.7154,152057.5311,107645.2657,106671.2723,1432005.962,102717.4532,537975.2069,196958.2089,,668692.951,1511709.214,143308.5836,1195022.685,358669.9847,61948.57552,109160.2301,189496.5078,231766.0242,929051.5337,174378.0718,1642572.485,284564.1348,129513.9193,261189.1221,473681.8071,410880.7151,899412.6409,829953.7781,75400.72074,639433.6224,209825.294,519743.3002,1074822.94,202705.9891,13048.32304,289736.915,562936.64,107353.4589,76370.10219,456391.2934,354917.2491,359931.4655,2468543.65,272605.9358,934716.8505,98237.88014,494106.9625,1330800.616,139637.0104,200882.7193,3120786.117,196452.6834,373503.2901,26138.77351,282567.538,280255.1619,414851.1509,70562.12863,391121.7275,347383.8699,441735.2404,3226834.046,669804.4371,
"id_16_2-C,2_01_55408.raw",2,9084018.376,935290.0579,19370010,958753.2543,22932.60733,338265.3618,1130927.617,7204323.815,575992.6754,329596.0834,5228640.308,116071.684,97964.33833,206501.2083,53545.49829,30999.55643,8154691.204,322727.2516,1321711.49,54319.56401,16406.77871,69469.26304,20545.09816,51062.74652,18822.93547,76394.65312,18585.16767,59858.10501,36359.42508,469302.4687,12458.84616,267849.7639,111466.7406,418527.2482,119692.8326,8524.270219,24371.45978,97088.7833,72425.90613,114389.888,143142.174,319172.0097,41564.93951,28608.11218,44046.78504,10567.19141,8602.338389,31672.31063,81717.81565,90473.36714,21932.21776,8314.072282,15943.06231,10626.09345,13672.9172,15694.55319,11584.8963,10781.69143,7760.606901,12366.45654,18888.1269,14253.93483,,,,,,,,,,,,,,,,,,,,,,,,,,,,,,,,896398.7168,129803.3114,1841146.135,86487.64402,6773.985548,277805.48,188629.3212,3700937.589,94635.44877,157525.3992,692946.3498,45315.21929,41890.9374,121007.6523,18279.21782,10225.49275,1432154.873,95980.43099,156749.4922,22346.67146,12577.29762,23002.33865,9713.12335,11582.8296,37205.37883,8112.476358,15558.20644,9192.643828,23139.90374,69583.48984,12604.38478,156542.7616,90443.57907,287185.4566,329814.5629,9700.978568,34179.30362,228487.3619,99047.42755,99193.64822,287461.7007,210061.5904,36090.14429,64425.17001,48356.53883,3053.861868,11095.73731,29371.81261,168788.4713,54288.01107,32494.84581,7310.191263,45410.10621,11099.80149,37742.75595,12829.83905,10889.51454,18271.68026,10443.03773,8692.14721,12661.30713,16007.11297
"id_16_2-C,2_01_55408.raw",3,114006.3525,164532.0706,2901603.973,317424.2428,59860.4149,140207.1837,266345.3496,604390.3576,877020.0118,162670.7754,1607030.374,297408.4107,57462.27439,84439.37435,537944.1104,223140.0567,1149182.333,333623.8227,553550.5194,123921.6808,384561.9394,86233.27576,302053.5157,156991.6127,37936.58498,127872.0297,26927.19066,144859.5318,66665.47456,313193.5275,110213.4689,735834.6622,147746.8361,466603.9974,94055.6526,76846.01132,94448.62264,303070.2599,43589.70374,180375.0052,116823.262,201396.0087,218655.3867,18670.22903,76076.27164,6643.249836,96672.70629,29787.39984,22199.75468,417255.8323,97189.42964,619927.2044,95052.20831,246334.9695,60024.9534,23328.45329,9571.020279,163363.1925,9571.020279,27161.29324,42282.65534,74017.49692,,,,,,,,,,,,,,,,,,,,,,,,,,,,,,,,79925.35274,51338.16006,494476.5795,13349.39094,160697.8808,48707.57105,67529.43001,651102.8488,70028.72669,177380.9374,359396.5144,88255.56112,93964.04132,121839.1626,109965.4022,138195.1979,346295.5088,90197.25464,97219.87683,388334.1467,42638.37366,370261.3352,106219.9466,500612.9805,135779.0465,56729.71171,19988.16318,71551.48541,107461.4721,49998.03614,49753.74921,354351.0977,161628.7343,175414.2789,500501.7297,62468.6324,26233.84944,145987.9033,2496.368806,100290.8795,370732.2953,132767.6499,53492.33294,105687.2116,278574.7565,117863.227,44425.52396,16444.08879,203308.9965,119590.285,119995.7719,120038.7502,49491.50918,246975.135,125817.7461,340707.0581,164095.1199,124360.1834,152262.9916,2017447.303,458857.3654,81419.95437
"id_18_2-A,1_01_55378.raw",2,8738252.669,915683.3661,20322661.92,955203.7064,27102.51961,319667.2565,1095602.432,7065251.859,680694.2312,398026.1157,5339264.98,103251.2197,108754.4541,216907.3523,63480.44281,30795.4966,8117708.2,343824.7031,1332098.237,55214.89138,17115.31113,59568.89303,34031.74592,56724.12864,23087.34472,76384.55462,29925.07637,77376.54044,45103.9866,476995.7952,17148.00048,263136.8188,139307.6955,146450.1263,61668.61991,15992.88983,36596.54543,471319.0919,25435.46219,76394.19636,1119310.955,130164.8111,49334.14244,24734.05631,15408.20514,14744.1269,14615.48938,57563.1529,638842.7899,50149.9649,49944.28399,8407.294214,53603.84992,10689.94396,42477.01662,31575.47669,15742.33619,19601.69995,12936.64054,37401.0247,25440.73402,22384.27568,89235.785,25117.18285,292928.616,33872.47704,14232.31374,88730.51591,136418.3354,1597461.528,8996.012435,188680.0623,471089.6202,25744.44237,31507.53037,57751.4473,29209.88113,13740.67063,317140.0345,124637.5455,196231.7114,30869.00894,15861.1843,34192.16303,18475.38904,39125.46377,27961.48432,22204.99891,36533.87517,21665.56293,12325.02672,15188.05921,12055.13244,,,,,,,,,,,,,,,,,,,,,,,,,,,,,,,,4159844.307,293024.1059,9774196.847,1095034.817,34888.84766,122690.8192,375522.4844,2478893.093,356809.9021,208812.4691,6478218.942,135500.717,210741.4368,512607.0229,52972.04756,10487.5151,1891926.511,208135.9129,1402439.703,178731.5665,67153.61178,123034.7648,33431.23541,147989.6912,79791.79728,18299.41637,10676.59604,22003.32933,29987.02666,220548.9655,18836.47786
"id_18_2-A,1_01_55378.raw",3,60504.63724,214400.0401,2956087.861,288307.8138,160795.0681,115798.6063,299719.7787,497347.9633,980120.9518,120866.1484,1554315.708,359844.8967,131839.8285,69803.01306,459924.0557,336044.227,1207942.545,294783.0439,615289.0851,183948.4371,490385.7693,121678.1323,405846.5311,143347.8054,79499.10772,209360.9837,25770.02393,157857.2926,114236.4912,201487.0164,124512.2213,699598.6002,737702.1079,256816.0857,100389.8607,12265.42564,131585.0613,162350.5646,158572.8779,164571.9842,180474.5237,108186.6593,55160.31452,60778.70969,29534.1765,110784.5737,63632.90921,28395.45066,151767.5363,1532528.258,31155.70652,397687.9764,26228.16377,160595.8932,83810.31549,99954.37881,,96391.64092,1087.781339,52624.79001,5961.600255,82636.64683,110871.0381,239437.9988,306515.8178,260060.9184,73224.4335,,202997.9751,2599393.874,32059.11487,21553.81832,1122228.304,50655.94101,438676.9009,345009.5957,779304.0628,239524.8962,492162.9806,59084.82599,320669.9719,77809.1019,61046.33403,16980.86533,17601.57279,94645.20674,206328.0812,99502.31268,509601.7953,67235.59953,124285.5407,92298.43675,20719.27617,,,,,,,,,,,,,,,,,,,,,,,,,,,,,,,,340166.5276,207417.7753,1860636.277,632463.8439,212602.0811,38819.39802,105687.686,93517.28359,652146.6503,85694.50481,2421443.52,290923.6987,85479.59932,695909.844,268987.998,29039.5331,280908.5994,319338.9112,828730.6766,221504.5441,133706.7445,122435.0959,732736.382,259454.1178,339282.2473,114583.0032,184788.9737,137478.5545,4136439.371,354156.4177,95351.06676
"id_21_2-F,2_01_55417.raw",2,2309201.752,208666.1483,4644278.109,222490.3358,38225.46807,61784.49566,317071.503,1891159.227,157367.0614,123068.373,1147160.192,128052.6678,46187.73068,69981.92141,38308.03313,30267.71317,2195125.705,126273.0386,332894.7516,29434.64613,26192.55006,79275.4534,26966.35537,35363.88119,42154.43166,33654.99892,38904.36061,11019.00322,50281.35366,116468.1986,27043.1202,,,,,,,,,,,,,,,,,,,,,,,,,,,,,,,,,,,,,,,,,,,,,,,,,,,,,,,,,,,,,,,,,,,,,,,,,,,,,,,,,,,,,,,,,,,,,,8911078.418,522383.469,19653898.66,1973358.205,42823.03596,208377.2954,766878.2056,5085134.42,629388.5273,338302.2249,12786856.81,350344.2534,400211.9425,962774.5396,109358.198,23615.13236,3605336.904,240293.3062,3016232.156,393454.6646,147010.3633,233917.003,77603.5411,337412.8899,140555.8209,26021.84056,39650.96798,33868.3986,45407.56128,377339.5546,30348.63024
"id_21_2-F,2_01_55417.raw",3,47555.89481,52192.02644,912051.0383,175695.4053,52540.37001,54752.8476,50928.51981,294352.9818,228342.9582,70764.85503,415075.7187,109880.8598,98560.9387,91971.14525,209968.2754,56666.12679,376513.1735,201647.1689,126478.5051,57887.92614,118648.7124,94359.40854,101974.9316,53928.93148,91431.6837,49363.31064,50555.81404,74336.48102,43667.3302,161612.5436,142653.4717,,,,,,,,,,,,,,,,,,,,,,,,,,,,,,,,,,,,,,,,,,,,,,,,,,,,,,,,,,,,,,,,,,,,,,,,,,,,,,,,,,,,,,,,,,,,,,606531.9537,305387.7686,3697985.548,803420.7947,453716.6912,47527.95513,160227.189,73315.69424,1408584.091,289894.4844,4687786.958,532227.0629,264285.3463,1072160.787,378800.1235,250426.1892,524826.9136,283042.9219,1922621.454,772318.5998,566777.1809,150134.838,1376312.422,648410.5332,292116.979,97175.06269,114305.9853,214631.2969,1873044.421,853133.0345,105723.7485
"stand_02_2-B,2_01_55405.raw",2,239324.4356,148486.6806,338414.5724,38999.45351,3084.403992,11603.22483,34107.09251,108688.2555,603123.9969,29926.22911,107916.8225,1138838.864,414462.1521,21798.26703,1989.274816,10963.06734,138526.9237,34511.37747,57215.60313,142412.555,18190.12405,103811.2056,41469.70929,171164.2252,9622.700943,6924.323211,14968.30708,9346.080022,13084.7789,46520.34976,9573.123012,7173073.811,1044006.647,16420123.49,3346093.515,50070.93668,123951.3773,910806.8179,2997257.391,248719.6251,2935203.046,13182988.89,1763941.33,190733.7885,1745553.118,37419.4159,17592.27961,128411.1523,1664014.273,4215485.655,1929931.982,56041.96896,316761.0968,24749.01349,1536575.69,311691.6885,73767.30226,51480.08317,62920.31529,7198.116551,47728.13768,16944.28484,6528766.703,1562570.978,13740836.55,2719780.166,84669.95634,115292.7393,700254.1662,4507812.72,389952.1019,1485135.195,14097355.32,694248.8953,308760.4528,2962829.221,115571.8782,26496.20563,1100528.876,718031.5829,4903081.968,1951215.678,129072.9509,298839.7905,79277.6601,1595685.91,411552.1757,95399.15421,43084.07546,74887.73138,18070.03542,128968.351,10969.60055,691699.3954,19620.24108,369619.6989,47052.62393,28451.71315,490862.3613,32648.49096,179284.8357,430843.6919,27337.23913,133991.4985,33884.22124,29732.70471,34114.68494,22467.41884,16234.82403,197727.7417,29598.27357,57994.59494,15796.62132,28683.84427,18485.12739,9572.782054,9684.309939,38903.35457,10301.8432,9579.317693,3531.809303,15125.007,52865.90364,23087.44642,4574193.277,184968.9531,11631954,3492173.799,73388.21387,161289.729,2086732.535,2059148.674,192321.0692,4680288.488,8925426.596,1342942.231,119226.8803,1846345.145,103333.1303,16293.41772,147501.2255,4213726.731,2694823.715,1953221.553,64324.26136,287220.5717,30112.95126,1571027.906,300208.2402,71640.1418,40373.91657,61946.28991,43154.32886,143961.1942,19080.44946
"stand_02_2-B,2_01_55405.raw",3,136775.8554,47646.65833,110727.6998,98658.64366,9878.535189,139824.887,47949.89928,69023.14989,454723.5534,45981.07315,139913.7465,1263306.696,1665163.462,155916.4608,101272.6855,169633.7373,131776.3385,67010.27735,1524.745083,391062.8969,224623.5513,763789.826,686470.9836,414797.5785,24891.47967,92617.89369,134836.7867,53802.22838,36607.81335,292972.4066,57796.21838,260921.8697,819016.9646,2879787.354,1543774.039,198342.8221,241351.0216,285389.487,268882.8295,860169.4211,506124.4855,4242661.839,2813659.65,308910.4681,1777074.769,104930.3615,234211.804,280878.9298,665547.6623,2207891.54,4099253.704,240861.938,553362.025,294952.7441,3325422.627,552177.5991,329860.3667,159342.5024,244633.9904,,159915.0401,318910.7307,226140.5976,516052.7247,2698286.755,1341076.886,392979.8861,221632.5621,19491.58213,365267.8853,708309.3972,524139.4416,6040355.87,1682477.643,187703.0745,2820366.661,405453.0041,448678.0625,341965.6214,426951.9794,2770701.479,3770911.775,577709.6602,476567.5643,114167.3845,3028442.919,650427.268,366995.9955,87267.62437,338768.0461,31999.07452,355693.2334,41380.38352,151527.5096,201123.2932,194490.7457,60527.46978,980854.1197,468282.0885,86613.04723,271969.4639,1006633.881,69663.44351,198636.9985,360540.3717,244606.5433,68750.08988,144533.0015,228022.6122,201594.3995,40084.4639,1215092.349,243679.1911,208637.8222,329125.7688,8891.542573,324849.8657,843214.7468,408429.1039,144843.3161,456440.2745,72624.49547,386186.7682,1211235.525,459970.2005,125035.7301,2027799.301,1464038.004,359263.2544,404959.1578,256409.5016,244475.9835,580767.4871,992976.3583,2847710.274,2612036.788,239671.6925,1834980.598,1478390.644,150607.9771,189741.5256,2869464.297,1479284.094,3871952.715,246855.5317,1870745.86,691400.2545,3145941.484,454640.4809,617692.2684,477922.6196,728640.1842,3481275.353,398260.8331,
"stand_03_2-D,3_01_55435.raw",2,208942.5161,129627.9963,304050.0698,40346.60185,12421.54852,12489.2354,39490.01164,109026.8417,629684.5179,38128.17958,93721.44253,1280590.801,524656.6035,32090.66093,7462.655568,16012.74662,111948.2043,47019.60664,54341.06187,228197.0478,49963.46762,187512.988,147123.8427,270668.6297,21309.95561,12369.90586,17530.09499,5060.290377,20623.01474,60999.26896,10728.73283,7662291.349,1057839.636,16496771.78,3509487.959,67155.46385,81573.30869,961550.9304,3340541.224,233154.4767,2986972.516,13800254.62,1740565.508,206030.4729,1845581.008,29950.0094,11847.61135,144744.8383,1753175.148,4502809.606,1902598.144,67613.10434,331686.3751,20736.37916,1555797.045,337876.599,77198.70758,42024.03048,78272.75286,7869.886782,72755.64519,8429.791482,6371540.347,1713778.823,13137839.44,2941383.506,75039.26735,59437.42943,718312.8385,4374376.425,301669.9188,1711809.475,14088732.92,718057.6448,236169.5879,3086269.503,100330.3533,22903.35509,620901.4253,869699.6728,5068202.102,2105297.483,102554.643,271566.4068,64223.03409,1639522.303,477590.1912,90540.95952,33234.91554,73182.85673,38287.04285,86700.18901,14294.89281,,,,,,,,,,,,,,,,,,,,,,,,,,,,,,,,4929430.74,195503.0645,11766096.6,3670930.515,85249.95095,153893.9247,2048175.629,2336437.062,184681.5325,4462853.928,9438319.089,1341685.801,129995.2789,1933376.052,94699.50648,20830.62829,91434.67975,4227798.042,2856660.802,1931799.983,62149.88924,282779.2264,26571.69166,1619146.6,328169.5586,69164.58933,33655.92438,60919.03237,26478.02582,112515.3841,22289.2697
"stand_03_2-D,3_01_55435.raw",3,62980.24939,51064.60852,139575.7144,110621.0783,29987.91491,111485.8067,15095.57896,24681.96311,402504.224,66129.58572,136512.4666,1286288.51,1584275.769,140693.7852,70160.23392,156033.3178,88119.93278,36264.86742,379.0724606,391342.4905,185541.0245,753048.1857,787457.4729,446895.5351,33243.95812,57145.34025,153075.6594,9632.886697,50032.50103,295856.0408,20104.85856,261329.7959,913289.173,2862535.621,1551114.906,244103.8846,250537.3803,407559.2908,229217.9071,862766.3964,514291.082,4390997.342,2925063.402,282942.0335,1833752.728,150155.8422,303219.0698,237345.1429,693791.8325,2362096.719,4227655.734,248945.6187,573446.2898,239309.6008,3411024.229,548226.5867,334359.9929,157767.8139,292043.2241,,139107.1206,359341.4641,240349.7347,566877.0087,2634776.805,1434346.102,395059.2234,375380.6038,25116.11029,320612.2615,632630.2809,589967.2131,6106697.217,1774674.06,132226.8746,2985204.404,431001.6493,502964.5095,392029.4171,500367.7204,2938045.092,4208180.91,546350.6938,522016.6831,84758.02924,3379140.211,664202.5819,333086.1038,110357.4825,337820.5946,23028.81848,326238.6922,64187.88448,,,,,,,,,,,,,,,,,,,,,,,,,,,,,,,,508843.4413,142437.3841,1977832.95,1409557.584,442781.5995,290857.6009,341165.2455,411848.1447,564181.1297,899921.0937,3159826.893,2867992.931,241883.9518,1934354.38,1663992.486,167954.2622,241684.1121,3035579.817,1619452.276,4074677.585,303887.9556,1736414.325,778712.8174,3290785.889,342487.5056,715783.0448,501120.858,727009.5779,3026710.837,491564.814,
"id_01_2-E,1_01_55390.raw",2,,,,,,,,,,,,,,,,,,,,,,,,,,,,,,,,133255.47,120732.7877,111967.6217,44180.68968,6688.956609,29831.39632,222464.0631,42012.83254,31932.7218,468534.4173,194730.4032,45838.91841,18121.38152,13591.42,11437.26194,11338.47565,45685.17073,213527.7182,69443.99398,29267.29674,8714.79008,28252.96752,12120.89975,23831.30827,4962.695991,19845.11792,46123.0718,20486.60108,24590.28236,8352.96807,21593.65641,9571197.984,652963.6664,17799075,1490358.651,82520.90546,356369.3475,975641.3913,7563029.153,749730.9382,440554.8922,20178317,436388.5405,660458.841,2290190.463,182742.4525,44317.31361,4124295.079,286571.366,5917562.957,900697.8753,286611.9906,454955.4843,202180.6157,727466.8322,265580.2823,76799.18061,46316.81734,55805.88789,47000.40242,437221.5346,13360.30466,412340.2709,122908.2961,487031.8947,42793.57412,33989.98158,160901.489,44672.56889,289646.4607,508553.1104,38735.1597,182801.0741,24202.76482,261044.425,95979.81754,2538.294291,22944.22853,308280.7092,12400.81969,55011.42684,15010.74473,6610.188461,101946.4108,16466.96604,9102.142846,43445.19654,17827.06613,9883.855304,6085.639626,27812.16835,147404.1728,29584.73583,1167128.168,96631.27511,2825254.36,252118.8333,15178.79526,235976.3122,3829264.131,526530.7497,83685.93105,7222098.086,1900453.552,42045.26038,75712.35805,154471.1287,72896.38371,10409.33917,643094.8602,7519591.784,572529.2626,66292.92886,13290.68968,139795.2812,25261.58091,62752.92274,60732.18729,18710.60684,40478.728,26585.00021,92644.5752,260713.8731,18951.37041
"id_01_2-E,1_01_55390.raw",3,,,,,,,,,,,,,,,,,,,,,,,,,,,,,,,,638118.2559,578634.6169,305160.952,102057.8879,76945.48996,101620.9934,158896.1435,116813.1589,187348.4177,39310.61559,140367.0414,110128.69,111326.5287,27314.24027,9535.200409,183269.8889,23130.77438,64555.9069,495799.5497,63224.83848,67903.54631,115016.5949,259958.2092,51226.21489,104441.5879,76140.99131,314197.5392,52973.75685,6984.132101,,55894.90886,234376.0273,297073.8118,3710727.612,857461.7376,446287.7234,88043.61286,163487.751,452967.819,918999.5782,363681.2573,8142228.069,470230.7119,231113.7652,2237662.72,412024.8336,481581.9853,783026.9014,181599.4513,3562575.347,1289288.824,1014958.404,327183.5761,311502.7531,1050576.002,348131.3831,269944.8721,83626.80202,251942.5313,108521.8963,662178.2913,68975.7166,65848.0246,133106.906,91083.05206,21307.86795,838136.392,87081.70393,33051.15635,141783.1089,1309202.35,18057.83433,275792.8669,17594.91373,232534.1953,237547.0081,132440.384,248766.1054,85633.33483,40147.96327,1412811.383,3415371.98,151971.596,513270.9031,33076.93695,4778850.992,1052172.464,830336.6609,37969.89937,666259.0276,84286.90266,484665.3785,1336171.497,204157.4385,39703.83961,609519.375,171556.3368,117511.8097,45255.60107,182548.2729,333048.07,251314.8816,1416988.014,641364.6524,970148.5838,112075.4508,150261.608,1759381.421,142679.1026,225435.371,2995666.571,323171.8561,380187.0675,88757.89471,355580.9624,518972.4926,361660.4925,138898.5258,456667.0364,240371.9922,501157.0131,3562433.586,678220.9957,
"id_02_2-B,3_01_55429.raw",2,,,,,,,,,,,,,,,,,,,,,,,,,,,,,,,,4148148.353,426540.6767,8413775.326,1560865.691,36240.20973,65451.647,484230.1506,1813883.4,155437.5827,1302681.58,7529916.566,931451.788,82623.03057,822107.7445,13153.87434,9613.482507,101147.4738,725872.8509,2366347.667,953722.0119,20466.85897,137690.129,17161.04381,770164.6341,158521.2484,46574.67987,34358.15687,31630.58833,11733.36546,35809.51129,12692.91969,9606016.208,926193.2176,17384583.7,1886433.864,65878.17966,300696.4262,910334.0563,7235046.492,652806.3285,702058.1835,18663088.25,502041.0618,601389.8753,2236208.409,170756.6213,27602.85897,3353253.824,412849.0336,5290064.811,1107305.081,233823.992,375368.9838,165681.8396,915744.7381,275391.6908,64080.48365,48998.93113,58953.52701,46900.3365,351214.63,7789.710486,,,,,,,,,,,,,,,,,,,,,,,,,,,,,,,,2183101.96,100658.307,5187055.211,1387572.27,22665.51974,243236.5059,3399223.158,1014896.895,67996.04789,6005015.885,4092325.778,477796.8259,43766.84793,690601.1877,40201.30536,15501.42659,253836.1609,5860560.616,1195941.6,712084.7142,27791.8314,134684.1163,23788.19972,582298.9387,133977.7119,32731.97042,34779.76495,28981.12948,68435.83617,178295.3282,15335.10712
"id_02_2-B,3_01_55429.raw",3,,,,,,,,,,,,,,,,,,,,,,,,,,,,,,,,258219.2491,286670.0831,1675540.655,830571.024,110014.7758,10807.12561,297624.5059,93779.38415,482607.0146,223809.2432,2567674.302,1696252.125,214954.4561,938769.8173,7791.801858,203703.7238,104366.0311,238829.4821,1457350.769,2218120.994,112881.8072,321936.179,270224.4536,1840317.128,349938.0026,171473.8017,216959.0609,119903.5331,,,133659.0291,182411.7178,340659.7009,3378994.064,930934.9134,383287.0092,188148.6414,98090.35361,544828.8485,833762.0069,398185.8748,7409225.539,881794.9409,106365.128,2186785.095,404881.7309,462014.9914,609535.8538,263663.4889,3088500.323,2030986.525,961847.967,406720.7805,275433.4152,1668751.208,382630.8933,232338.6515,86586.14305,258419.7688,74636.02105,520528.4674,87128.95904,,,,,,,,,,,,,,,,,,,,,,,,,,,,,,,,270783.6288,101979.393,966208.1574,553811.7189,173013.503,84331.67592,111206.9958,257501.9181,532035.2834,1092981.638,1357579.199,1680737.66,195726.6137,802749.9547,1576212.663,170127.3571,362023.8453,2650603.027,661905.2363,1751316.724,125760.3709,712785.8097,550656.0799,1429337.279,247478.7715,462824.2484,189507.5946,541663.8225,2020993.09,587466.8845,
"id_03_2-D,4_01_55459.raw",2,,,,,,,,,,,,,,,,,,,,,,,,,,,,,,,,219596.4041,94371.36281,10261.56848,65624.92485,9986.234031,26122.51441,145070.4389,25039.62274,15335.6414,35140.62574,86192.33247,41236.23466,13674.85693,23751.13931,25655.381,12948.74326,26956.83517,38465.81385,12359.89494,34017.43891,15030.05453,22683.26589,13398.13185,22933.50542,15471.34757,14643.49375,51713.05593,11417.62671,15319.93098,43344.99403,10476.59216,10402097.34,676391.9669,18519403.09,1516774.773,65231.03828,364832.3486,897451.4364,7745366.066,659185.3461,403647.7732,20927352.97,400097.5024,604174.7202,2153210.908,171539.315,32538.123,3651102.732,292230.7097,5754034.88,750583.189,228457.556,384987.5957,167356.0765,615711.005,232175.371,52291.51773,57452.58859,39777.20369,76577.97178,398992.8951,11822.3043,399559.9265,148818.6325,655721.8773,29500.47133,35477.35083,191420.0542,64564.19901,256818.831,487834.992,38382.38667,197963.0581,13200.93602,214509.3423,119791.8277,3010.862257,20345.65648,208462.5326,32440.82792,47946.41245,18535.17617,7581.804868,112406.6346,8083.955798,2647.747374,54476.95506,16078.2222,26686.60426,6534.803851,26870.68093,101721.3914,34162.11735,,,,,,,,,,,,,,,,,,,,,,,,,,,,,,,
"id_03_2-D,4_01_55459.raw",3,,,,,,,,,,,,,,,,,,,,,,,,,,,,,,,,778813.7663,1293672.819,298045.6053,127102.9628,38770.37308,79247.50245,191702.4787,30455.57784,224683.2857,190347.0467,155535.1332,163421.3434,126509.4758,351176.4881,20444.95988,128488.5368,105017.3935,32523.27074,627491.6849,53789.12528,48912.09329,58297.75086,174308.3592,18919.25722,2817.998788,58687.5292,277933.6678,58787.11912,5861.527316,,106646.3744,169847.5393,517842.2797,3580152.246,781872.8229,534416.038,148493.5336,117902.2207,771807.4869,831062.8917,329120.7028,8003925.139,563190.4343,102726.4648,2056496.998,373718.4421,488820.8629,709512.0882,203587.8613,3294093.652,1059025.556,889275.6658,414314.7359,436136.7927,927264.8852,316637.0695,243320.7036,134219.1608,144076.1131,156291.7254,637749.1185,128308.1039,56090.57653,177283.8417,159658.766,18204.60121,1082804.562,300177.271,33934.97956,406813.8907,1339362.834,83088.76843,375036.207,11876.3075,255568.903,252513.1578,134340.9358,311489.1141,228268.1784,163323.0493,1890080.689,6121013.51,160251.2452,458831.1108,22592.48888,9258123.84,1239306.424,701998.2096,883.0408425,711133.8236,121266.4185,573658.1291,1490925.079,,,,,,,,,,,,,,,,,,,,,,,,,,,,,,,
"id_04_2-F,3_01_55441.raw",2,10878210.71,1072813.161,20697000.55,1054590.267,43586.98007,427638.1085,1513009.179,9098834.3,683470.1978,355818.7687,5521308.044,134351.3943,106181.6493,238826.6072,54558.83691,23716.05123,10065789.04,406253.4639,1540678.67,60878.21918,17948.38057,80571.11423,28160.65242,53458.09834,20801.46851,62896.32674,10249.75874,72565.4809,41530.81437,623689.1223,4517.667056,,,,,,,,,,,,,,,,,,,,,,,,,,,,,,,,,,,,,,,,,,,,,,,,,,,,,,,,,,,,,,,,,,,,,,,,,,,,,,,,,,,,,,,,,,,,,,301438.8419,188216.824,587320.4903,439664.8738,11423.3451,18958.90192,149900.0215,243543.375,86897.4789,140877.5973,406112.5393,25490.88827,65203.23827,62848.28528,12603.96802,8333.747656,94491.84451,115321.1901,120788.1358,25056.06588,16249.4853,50757.58559,18472.65881,16252.7268,22616.62721,753.5458574,21181.00623,19829.98445,12685.29029,51823.63784,13781.40052
"id_04_2-F,3_01_55441.raw",3,74092.99394,146239.5305,3104887.715,397732.7545,166786.8593,148045.3762,300803.1925,886551.5095,715037.2643,201546.6843,1565377.485,320299.82,127036.8451,27533.4731,548115.5458,344512.0562,1424200.02,332014.2288,709219.2764,153350.4819,643552.7269,140967.4591,420205.4659,119350.8771,103185.3566,272719.0931,26987.75504,223528.6476,89427.56022,300355.5066,123056.4458,,,,,,,,,,,,,,,,,,,,,,,,,,,,,,,,,,,,,,,,,,,,,,,,,,,,,,,,,,,,,,,,,,,,,,,,,,,,,,,,,,,,,,,,,,,,,,501206.7105,283228.9187,283421.795,412531.0443,15485.32408,24646.05759,222194.0026,,210057.3424,83628.32423,296025.6708,63879.34994,130933.2377,260976.8746,219329.7762,,40058.81006,194584.1467,200055.6249,115416.4203,65055.46949,32411.11973,663385.3622,137063.4161,270938.5915,108073.3714,112436.1877,178510.6869,4226219.876,700396.3994,132213.5586
"id_06_2-H,3_01_55447.raw",2,9735851.493,993043.0045,18617255.57,969772.779,41868.69662,363983.1227,1334537.909,8040341.081,589560.2486,358864.7709,4915426.702,126536.3022,106844.0485,223723.5976,62671.64319,20382.9378,9051906.203,378521.3468,1388341.74,54229.77568,13651.2071,75089.66113,23521.65374,44547.40849,31353.83705,63996.27632,14908.1644,52141.7598,45223.10015,552007.3241,9096.520942,,,,,,,,,,,,,,,,,,,,,,,,,,,,,,,,,,,,,,,,,,,,,,,,,,,,,,,,,,,,,,,,,,,,,,,,,,,,,,,,,,,,,,,,,,,,,,332418.6556,148124.6023,644357.2884,393686.4342,14152.72736,44159.84564,165994.8659,280719.8233,91866.69275,123650.7348,481957.872,22569.92275,77509.98677,37534.71922,18949.08596,15627.3043,116919.6342,106995.6331,123525.3037,27562.51114,11430.67724,76326.65097,21592.61094,26017.23216,33719.3896,12279.62426,11467.5085,11267.79788,32234.46146,38344.35087,14630.23603
"id_06_2-H,3_01_55447.raw",3,52801.61466,162480.6085,2849534.487,365842.8786,182536.4395,94048.60504,419124.5342,800671.2725,693438.1079,184804.3953,1465483.824,433038.4674,98502.08519,62643.86154,603102.8402,364307.5599,1295171.572,355666.0106,608452.8521,146455.0804,487865.3076,151014.3799,532861.1845,185745.6502,91200.80129,298277.034,52277.15408,152531.2747,104001.4822,278326.6174,140336.4627,,,,,,,,,,,,,,,,,,,,,,,,,,,,,,,,,,,,,,,,,,,,,,,,,,,,,,,,,,,,,,,,,,,,,,,,,,,,,,,,,,,,,,,,,,,,,,570542.4407,327045.9632,426140.6534,420956.3234,66403.87776,419.306595,258967.4347,8088.251324,212428.5922,130451.6635,331323.2451,121760.222,82606.24532,386688.2004,170068.4883,9535.099096,58120.16033,336027.3482,205248.9451,87834.57308,164131.2653,101662.5777,481967.9959,41394.22896,383949.6502,160989.0988,128364.2215,194775.166,2347862.592,667960.7839,137836.5438
"id_08_2-A,2_01_55402.raw",2,,,,,,,,,,,,,,,,,,,,,,,,,,,,,,,,285497.6729,106770.8246,579347.0998,103289.4346,12639.86168,145465.3812,2617630.598,123231.1734,35004.35362,5830122.798,551021.5148,57644.83152,24716.82151,45009.92427,17120.18592,13994.08618,236838.546,3097391.248,226998.7394,58668.78907,7976.147531,60663.08012,12464.20808,55425.54066,18183.11995,17949.23454,25638.93586,24146.23114,71705.89866,95413.39068,4428.095715,919581.6226,69142.29453,1739442.222,168663.7484,18236.87038,56054.35088,83667.64498,660125.235,76883.9349,67602.55388,1939356.346,59866.85251,88681.34736,210091.587,16882.2931,19874.50408,395192.2648,73299.29117,529283.5308,82953.00559,21368.78897,49124.42738,16738.95389,69929.424,44065.16638,19869.86695,12706.85909,19030.2057,31457.69565,45164.07956,3861.220497,,,,,,,,,,,,,,,,,,,,,,,,,,,,,,,,10498144.5,708704.5178,23564365.79,2304886.485,48572.21787,295452.6173,1206158.309,6387051.822,841624.9659,679773.5818,14795621.71,412148.861,475780.227,1273256.518,148699.9192,25954.11036,4702704.746,618303.484,3556195.102,503500.62,196616.6295,301087.0249,93518.79639,423643.3755,179750.9529,44980.65111,53676.92146,39127.20005,66575.73914,583987.6561,32007.6087
"id_08_2-A,2_01_55402.raw",3,,,,,,,,,,,,,,,,,,,,,,,,,,,,,,,,248268.1558,14854.49248,374194.7564,37718.88034,64927.10061,112540.9435,199811.2829,68736.21613,227311.6677,949063.2906,149922.3843,364033.4571,12608.54388,138111.2824,219581.6747,181124.418,268779.0786,1043942.673,255037.988,155291.1032,42176.56825,130396.9588,249775.6827,213907.6203,22510.70615,70175.06514,200544.6815,70505.60799,65725.26969,165740.8367,54123.72761,72738.21533,160750.2254,379329.4566,207927.4798,56320.96165,4698.164727,50388.25894,317327.9776,135021.9993,39475.85824,828615.0503,101773.7163,87898.33252,250518.3023,88636.11801,40386.12547,226191.6667,36368.5549,361315.1743,121811.9828,41163.12896,112183.9741,44597.99168,92184.65946,52759.02749,30705.25696,72952.24461,7581.972368,68972.7444,153155.747,38524.35745,,,,,,,,,,,,,,,,,,,,,,,,,,,,,,,,476767.3217,236106.2164,4215692.666,955092.5576,626573.6149,101820.054,61358.41541,205906.7997,1043199.816,354023.3503,5366308.992,712107.4892,77076.71184,1194755.233,530008.9119,290592.4769,749721.395,406117.4917,2086767.996,953492.7475,629050.5494,309210.0776,1495107.621,828056.4409,321894.4192,142474.5561,115556.193,247545.7141,2054945.198,558982.5685,57593.66271
"id_09_2-A,3_01_55426.raw",2,,,,,,,,,,,,,,,,,,,,,,,,,,,,,,,,14339.35867,289785.0113,33240.06723,193573.7984,14299.34193,27977.6391,10618.29979,8414.934072,46855.45804,24373.97168,64626.78009,194853.2297,25158.83134,35358.88664,6195.634771,24113.70526,3663.778772,23219.89244,75211.47046,19051.37409,6092.553814,37042.92681,10953.61068,14316.88466,22652.34362,20792.28918,11563.22696,12125.49116,24724.0283,10400.55709,41728.92141,3337698.312,147347.9228,5824566.422,490285.3452,21491.82353,122018.389,244670.9354,2582445.571,227658.0202,132784.7053,6752052.438,169884.215,295748.5834,631102.8973,51543.11189,18817.80502,1367583.844,128410.0576,1878789.885,227500.5202,67179.75612,130690.0404,39157.80446,190225.4739,74616.29967,32150.9451,14886.2033,24937.81468,44560.19512,117253.2066,16006.02057,,,,,,,,,,,,,,,,,,,,,,,,,,,,,,,,11311869.86,743559.5731,24919841.12,2366033.913,45140.77505,305524.8379,1643314.543,6508932.28,885552.8175,1511922.451,15793504.46,397180.8853,461652.8144,1224825.479,143610.3417,29007.00633,4629510.587,1460682.547,3589004.715,452913.3813,166215.6917,280129.0839,83139.62172,362907.9078,156367.1478,37790.57356,59249.76845,37849.50771,75372.47456,535798.5779,33397.13672
"id_09_2-A,3_01_55426.raw",3,,,,,,,,,,,,,,,,,,,,,,,,,,,,,,,,635330.9424,584031.3698,221803.332,14034.1658,524798.9721,136621.4272,254764.4705,82659.3315,296339.9103,696721.1172,100925.7587,7883.587016,46456.39116,100577.2643,32152.65026,402081.2167,289171.5574,839407.7156,94370.3602,4740420.343,46294.22704,121437.9169,9366.895511,3245953.44,96203.80466,167544.4918,108046.3696,199448.5496,193523.7343,15553.01554,132359.5578,191648.7729,273774.1633,1196471.035,363714.4208,153868.3922,26854.41002,84854.20013,500211.6449,385253.4122,68894.49846,2773367.751,156196.4836,178224.1982,700106.148,136446.7164,232179.587,422765.8593,123166.2909,1203919.369,395425.5141,325996.2876,126642.963,56351.47133,286556.6921,145657.4625,106984.2733,31170.02034,116498.3735,31508.66537,303640.9986,43181.62091,,,,,,,,,,,,,,,,,,,,,,,,,,,,,,,,568059.0207,228757.6631,4467599.296,933247.2632,657372.7139,81598.26421,104523.3754,120821.3067,994432.6566,515171.3659,5485777.173,829016.5205,107917.7633,1157028.167,825322.1851,351501.1471,707195.8602,712948.3563,2117186.153,884058.9443,615120.5229,271106.5045,1843936.687,747769.4329,325379.4044,182348.3175,125502.9403,332057.6854,2494912.852,582057.0437,37069.85911
"id_10_2-G,1_01_55396.raw",2,,,,,,,,,,,,,,,,,,,,,,,,,,,,,,,,301646.1934,91156.63089,11733.89826,16807.10411,24129.10881,23138.21564,245658.6309,88149.22174,668060.8869,16540.71116,44237.2116,24993.44153,36272.91478,16333.97958,35360.57021,17233.1324,143236.3909,95161.74034,24453.39052,50966.54772,19015.57621,13538.175,29901.48784,38850.90346,18963.12896,23321.36271,26325.27763,20457.53137,5295.246005,15368.93535,7809.058922,1551411.557,128590.6641,2418315.712,681080.9252,11196.09074,182141.3879,199176.0169,1090081.97,33298.09643,174420.2029,2400127.265,36561.59527,46424.85215,1263268.094,103445.1597,24121.254,886077.7221,199176.6916,699600.3823,73170.15552,11693.27874,91452.51436,24516.15722,66658.29941,479017.3995,52576.40734,78457.62207,33058.70748,28506.91578,25747.48632,45746.32078,17957821.26,1597193.969,24540093.03,1622255.577,60342.64845,1144469.544,3402173.508,18111562.86,1678286.039,520051.3485,9506412.365,272437.7333,190999.1222,486637.8554,92324.13787,71730.20348,20193885.45,671731.8783,3243740.737,186777.5323,53512.80364,114560.3404,87217.019,157769.6404,36786.49272,85664.32281,23617.02073,34182.03362,66881.58265,1878940.501,26713.85326,1242887.831,42258.16622,2949066.892,78489.91645,46563.06964,551496.1158,1665802.338,295888.8828,2017045.644,1608109.478,1584467.598,322568.9414,124231.3796,78204.87798,43574.75475,66610.09479,268864.4347,810157.7686,294369.4651,31524.73558,128549.6709,36112.355,24844.41566,37901.59534,36242.39499,16906.74884,120266.5891,13695.28638,117721.4245,278552.577,82077.35185
"id_10_2-G,1_01_55396.raw",3,,,,,,,,,,,,,,,,,,,,,,,,,,,,,,,,502942.2484,1905711.556,327652.1686,86793.9562,21374.55521,84472.64534,136632.2965,164780.8071,442706.1578,47795.83844,122610.3969,77877.78552,49461.09209,354903.8845,36096.46166,95013.60446,113754.6496,12211.0147,1658316.106,6002.693925,282767.0083,17923.19335,140036.7906,,34691.4622,49121.95918,99798.08272,34977.27281,4878.783338,4309.376811,150028.2124,720023.9943,367923.39,2013534.298,474463.2847,246734.2845,395332.248,372678.7585,1223654.817,181780.8898,283119.7438,1891702.918,56226.89507,95893.5084,1212664.843,399223.304,42935.71761,1832742.323,404127.032,855742.4103,77252.93377,203328.8774,336602.3567,66417.15841,93918.94201,689964.9506,89074.85449,53053.35062,15725.74748,114873.8504,487709.2282,514013.2308,317674.1067,274406.1353,3879932.65,409160.2137,660193.3176,568895.868,37703.05822,1769744.667,780225.2031,354853.7999,3082566.813,795910.6145,218094.5424,192282.9753,509993.646,362128.7747,3012379.489,407541.9928,1808602.213,4956398.554,279254.6812,206668.3826,1034773.663,6730515.631,192761.6506,265344.3349,19742.64783,201423.5021,113563.3049,819956.3279,115310.4285,201298.6479,39158.0812,545310.7569,1797289.042,280808.2708,140961.0275,1567486.297,10384.99487,376308.865,3403604.635,528342.3125,355496.9942,37846.61417,1062980.675,173504.674,351078.1948,173663.8683,1718671.591,298941.5324,155954.9714,55368.91963,117462.1198,219708.705,131702.3536,52814.89428,136497.8599,408800.0482,175957.3188,3454574.54,1314049.75,
"id_11_2-C,1_01_55384.raw",2,3446497.78,337805.4994,8002354.565,350254.0296,36951.27715,149068.4276,399278.2531,2810411.252,284536.3426,152598.5677,2100426.146,48729.15208,61647.73755,111156.4316,37606.68603,27543.634,3294997.65,174513.8001,542169.4719,33541.81294,11882.31201,67315.17961,21189.34583,45679.09265,20104.04642,36531.55797,17762.57514,15126.76315,47717.8401,163176.4501,19521.38964,411519.9056,117010.5854,124131.3015,66904.80608,13151.74844,18929.22943,143853.5478,432967.484,1622959.319,220443.8755,214883.1828,40288.8203,257567.2531,9972.881974,24157.48168,20323.80663,294193.3547,37075.2602,76320.34777,29976.94618,20378.32096,55825.74136,53212.8058,40804.29397,42624.49647,68928.00037,191442.0861,76720.77453,28191.21523,16614.63915,18926.16654,,,,,,,,,,,,,,,,,,,,,,,,,,,,,,,,18844006.89,1650601.193,26213380.52,1701811.973,78077.94677,1129996.919,3608542.835,19375973.95,1759583.534,613395.6511,10192582.3,275565.717,164802.7795,525438.6524,111054.8202,76710.02535,20291415.63,682184.0359,3371903.694,220826.165,75383.03582,108616.6551,78487.01625,195882.4135,47388.11398,98310.83047,11943.44793,55845.12558,84677.43786,1923289.048,12615.23745,61862.36658,17643.91065,52688.19514,143809.5588,48378.15051,497094.3819,1453198.891,46312.80879,2108438.35,1335607.919,58424.24335,368522.2791,122215.356,34865.4541,43882.57701,57713.58646,54096.15053,456770.1169,57583.49322,27472.65561,150505.704,40107.20486,33785.34703,28065.13033,25843.99255,18377.73094,162334.6392,30217.26061,160775.1715,298854.6957,95207.97389
"id_11_2-C,1_01_55384.raw",3,71276.59305,80134.50573,1227703.988,97491.7287,75645.07078,97015.9404,149975.2488,233179.664,410558.1875,57479.98885,638747.0667,118607.6844,147860.714,62560.63968,241244.4796,110639.2337,514093.8191,164595.3437,253796.8118,103140.1242,182801.5842,60151.83905,137394.6401,69836.22028,109146.1045,107637.9989,31770.18848,108278.1783,47744.09506,150029.6478,151266.4326,507785.0467,1587751.275,528118.9613,50512.16136,28169.42246,83861.50765,146805.9439,239289.3557,510735.0659,22770.44975,91458.32624,46857.64432,67863.83934,37584.23045,34365.00481,56857.33606,195665.4692,73860.5337,1561290.458,102425.7581,309258.3609,47607.42012,212944.1934,133199.0341,97824.01493,67779.4433,175332.2674,112387.2865,30706.62121,29871.60155,179694.8506,,,,,,,,,,,,,,,,,,,,,,,,,,,,,,,,300731.4933,178122.7594,4154312.961,465386.2815,366406.851,495208.9914,44747.20879,1848685.708,501072.1494,345444.3691,3363903.5,857071.635,208445.5576,157980.6503,368243.0007,331391.5795,3141127.325,573945.9835,1819077.473,1691243.844,237640.3492,323310.8495,1089150.876,2396022.874,127191.5032,134471.1566,78546.17995,110146.6733,217203.4904,755019.8661,64939.30302,170608.8957,77818.04771,263072.0872,1364998.952,238562.9188,115477.6519,744088.983,27706.68182,617188.9109,2496571.728,7084.365404,470956.0541,37792.43622,799469.6822,112807.2146,357200.0664,140932.2064,1602416.419,169773.9015,60726.78896,68399.68536,91853.41333,103439.8697,84400.39111,73422.14678,130613.0288,422136.2763,170200.7644,4651563.397,1709300.548,
"id_13_2-G,2_01_55420.raw",2,,,,,,,,,,,,,,,,,,,,,,,,,,,,,,,,31397.46214,323978.8657,75929.25623,219897.3256,20555.31079,21303.83689,59911.8559,45420.53279,31882.36718,42784.47,78009.61649,7913.01585,221070.606,36595.12721,10643.60898,46018.47675,34527.99745,3348.430545,32395.97238,13371.6568,40395.77827,43986.07434,3023.560235,16548.45963,55317.15157,10846.39756,13977.90943,5176.550565,38159.34264,362463.1213,50675.79076,9689876.627,589500.6183,18084761.26,1561397.572,77311.1448,282136.3147,816444.9082,7386163.865,712089.9327,396219.2749,19856966.54,420952.0043,659229.699,2034414.315,178728.8754,30382.4737,3595791.862,327777.8875,5740619.287,838370.2374,257330.3842,428725.6229,172683.0288,682193.4825,222233.1604,57089.40587,57950.87913,48711.69382,76328.98348,371171.1235,12225.3051,,,,,,,,,,,,,,,,,,,,,,,,,,,,,,,,1379652.885,121373.5672,2959259.386,252697.3779,12435.35777,227573.4372,3847008.312,791974.209,91147.44507,6918993.967,1972987.384,30000.69136,69487.76087,120366.8177,38590.10791,7622.160149,710655.9925,6953217.6,477831.7241,47519.3222,11891.38967,117656.7966,19387.2297,43108.98653,47652.8832,15737.27023,42681.26347,17544.94876,64439.62478,181068.1363,11724.2506
"id_13_2-G,2_01_55420.raw",3,,,,,,,,,,,,,,,,,,,,,,,,,,,,,,,,690279.0578,701003.1335,423038.0979,32585.47288,764403.8008,189292.1235,276868.2637,82695.44092,262020.5387,68472.05197,121210.0134,214304.1551,30628.3723,492686.3891,50296.98834,226963.4484,80540.94604,72391.08545,93946.96372,4850898.73,40167.56042,115694.1258,21565.20855,5419687.347,115928.2889,61612.38034,36122.43094,75865.88871,110247.8835,85283.28144,224472.9415,152758.986,489127.3043,3475614.685,785265.6134,371970.9346,80652.30957,135327.2902,697626.4436,1010181.086,234285.1939,7689056.323,510179.6975,146855.917,1975339.93,372869.5626,456107.8486,708125.616,222273.2579,3449945.149,1282402.39,1053078.112,357652.7054,273314.4852,1033045.911,335316.0771,200437.8548,81172.38608,241654.8096,106341.1378,637207.7412,101382.0057,,,,,,,,,,,,,,,,,,,,,,,,,,,,,,,,447278.9215,153132.9648,615939.1422,60181.49595,77069.53322,30571.18919,195004.3666,195319.1665,462943.1918,1261885.026,679082.2807,968611.6877,183184.4803,232295.4882,1562052.437,138533.3829,519890.1677,2793018.904,228085.4512,223557.3881,144688.2396,209125.8195,629645.8,366393.4894,67804.67876,391432.6358,167404.8231,538184.3002,3856200.675,824396.9365,10313.1778
"id_14_2-A,4_01_55450.raw",2,,,,,,,,,,,,,,,,,,,,,,,,,,,,,,,,262387.257,56564.9482,6123.639946,31677.70838,16765.32035,9608.239907,78377.52131,7325.643669,22885.05089,28299.27787,27022.92804,12168.45563,26876.8824,23212.85798,8220.928599,7331.985018,20437.57968,50134.54251,40991.85969,29963.65877,10595.93746,12007.40727,6164.131405,23939.02685,13629.9272,10718.23276,15379.95226,8162.983355,17391.86597,21459.89168,17170.22453,9077374.09,521294.4197,15711685.76,1370863.734,53668.37285,323015.6095,774907.7414,6888144.552,593817.0813,323477.4671,17599067.33,419235.8381,563267.7061,1820690.874,167244.7848,19626.15265,3577408.124,287268.0019,5148578.87,766408.5468,250948.8214,381245.6451,152247.8553,635276.929,191620.8867,48395.37676,44265.16292,44845.78028,76284.37077,363293.7458,12025.43826,,,,,,,,,,,,,,,,,,,,,,,,,,,,,,,,,,,,,,,,,,,,,,,,,,,,,,,,,,,,,,
"id_14_2-A,4_01_55450.raw",3,,,,,,,,,,,,,,,,,,,,,,,,,,,,,,,,559536.944,1153952.858,124172.717,121242.1278,52418.52981,171796.3115,303695.6381,42406.7236,185595.0143,127390.7035,67578.07632,285342.6842,108359.4871,261044.3373,29487.02971,70256.90404,58470.12313,49876.92731,238038.872,16167.5158,57388.61502,66882.81809,92281.36345,35189.45212,59825.78647,20280.19917,161209.8962,34989.37871,35319.74649,,314686.9889,192919.256,534184.1051,3008510.755,811232.3167,444803.7454,127594.4075,116618.0398,920157.4207,796861.1452,256914.9365,6977708.972,567229.2341,124965.2285,1802536.383,447520.9874,425940.7932,718164.4549,200363.9133,2988497.572,1103499.534,981313.121,412117.6984,424673.2153,991881.8421,292561.0867,264835.7709,138414.2152,158409.0877,158138.7512,651506.9715,97883.13271,,,,,,,,,,,,,,,,,,,,,,,,,,,,,,,,,,,,,,,,,,,,,,,,,,,,,,,,,,,,,,
"id_17_2-C,3_01_55432.raw",2,8199816.542,822319.217,17232294.96,882576.9778,25823.09495,300582.788,1029473.771,6731870.852,548848.804,282518.9398,4780807.456,145520.1313,84942.12782,200400.5601,36759.94775,15091.31813,7920626.352,323891.7981,1281556.107,59095.57525,13263.22137,58317.83841,31172.30895,45262.60665,33856.72955,48343.39032,29646.71419,52201.89053,22096.78634,467808.0727,13065.84717,249768.9058,122921.051,185784.887,93309.64797,6878.457481,8973.425801,92010.88469,64238.63301,196065.9076,88595.8761,129317.5252,31707.35383,17779.4007,30574.75355,10377.90854,8734.318296,59642.43934,47185.06039,32400.06606,26146.05356,8891.17573,20988.23889,12944.63307,22866.98684,18558.69128,3279.547091,28687.4324,16335.03168,16110.42475,17099.05315,11896.9088,437281.5404,78669.12003,771796.3495,145572.2238,27383.30866,167796.09,186614.4186,1671746.249,21180.62725,273732.3143,722374.6197,43721.04178,47397.25038,188939.6339,23978.05388,11158.8466,451992.9694,270523.2637,302879.1606,40027.75165,18726.13412,30251.83438,22411.34105,38515.65153,85048.67896,28159.28935,17172.62493,22954.30891,33231.12174,10880.8671,2848.550915,4915239.405,503991.2135,9382985.974,512522.3364,3228.250252,461771.897,600988.8134,6231299.873,400078.2682,209252.6745,3471364.288,79462.90205,93278.03072,216323.27,31911.03489,2101.662832,4803403.246,168147.2662,749032.3049,38113.63011,10014.96798,46387.33442,21005.93507,34909.33,56065.73805,13372.66986,18874.35458,10838.0346,36247.04954,288207.4134,12549.342,,,,,,,,,,,,,,,,,,,,,,,,,,,,,,,
"id_17_2-C,3_01_55432.raw",3,112874.4172,134193.4188,2723053.793,359808.2837,173533.3712,160065.9136,296879.9041,580322.772,850179.6047,162805.8207,1401714.321,287470.4241,119491.0272,23957.66705,445701.5553,319958.008,1176006.158,289193.2275,608171.1038,124478.7523,457511.0666,136905.5522,411807.6153,101185.0061,97654.77157,256733.2864,31848.72854,173519.5206,125607.8586,243105.8621,123508.7059,746043.9403,954062.9339,217056.9278,51356.01804,870.7558079,221196.7367,324560.1534,116022.4114,183416.5283,89821.60444,108517.0622,84760.15669,,10408.55756,83238.1974,16209.14106,122586.3178,116589.8481,646062.4906,109209.7664,343314.3032,5899.898132,187621.0888,142522.3388,88219.08675,,139930.9303,1243.48762,2243.654094,,104954.5073,179058.1738,290971.5613,1270360.539,383607.38,132201.4024,116071.4155,163005.6148,4393248.923,49876.52508,474005.6771,1492592.546,33007.54234,476878.2366,447875.0086,760230.6474,243378.5929,1241124.603,118565.2976,514678.4351,53303.39996,125140.0497,50089.8044,6838.797785,50808.08734,261203.4436,132433.7604,417619.0293,119228.4153,193688.5071,184961.6569,182627.8879,53917.95361,93123.06467,1595549.849,84452.23148,281373.5763,147359.1737,25441.96803,968690.4567,607519.2264,167356.6271,1404898.648,200147.8262,106263.0314,179433.6444,184624.8259,201633.5726,874141.3044,161033.7266,475227.7026,1880092.522,65161.41553,436946.2902,281201.3957,2710871.287,116496.6607,112741.5561,34442.25393,147585.8846,114040.6777,203613.1871,83356.6724,,,,,,,,,,,,,,,,,,,,,,,,,,,,,,,
"id_19_2-H,1_01_55399.raw",2,1112599.016,111973.8034,2449823.611,145169.4785,33218.47797,40421.01119,248552.0542,917365.7966,107205.8382,107622.5676,669883.3411,123615.4419,74214.42934,71681.26627,57544.27762,20634.63445,1058510.11,109018.8582,230347.3675,31750.1259,25675.76729,71484.75854,31305.31333,53702.67507,31423.26972,22805.10327,46779.63587,23488.96414,53577.03249,73777.61976,37914.02342,34174.08006,140399.555,41253.97304,38706.14896,38143.69757,21275.01961,30960.59682,59924.21389,159463.0486,279594.0179,13708.47124,418290.755,30954.37882,45267.03938,29585.15589,8245.81891,43312.6032,135271.4013,53016.31772,7935.788642,9308.478813,54597.20082,16451.21836,7846.947113,17325.77608,15459.47044,43930.65006,31003.74465,20911.92932,25681.61824,17526.55319,,,,,,,,,,,,,,,,,,,,,,,,,,,,,,,,2241753.196,292298.5879,4015325.59,272751.9832,22036.80657,159400.4259,332914.6395,2419571.977,195706.056,135257.8521,1371534.425,183387.1118,54575.92878,100770.036,41518.67066,21504.30348,2672315.61,121484.707,426871.3728,42250.16006,88368.59973,37711.55355,3157.952341,47145.55948,16365.13232,22419.74507,15675.62484,11908.09491,32556.31011,159921.6011,131701.7218,9067231.052,496025.9056,19946463.36,2022035.244,47875.45399,265124.4919,1080687.698,4824529.584,896322.5672,599720.6014,12522515.76,414278.9672,424839.5819,1064604.692,140749.432,17637.42236,3814736.506,359586.4726,3090268.848,463980.3722,184588.3458,263791.4266,86962.71602,377749.0209,112990.0019,35621.88854,40177.73214,22053.08934,65141.32994,473622.2087,27543.62033
"id_19_2-H,1_01_55399.raw",3,14288.24547,10112.48305,517960.6359,152479.6612,134877.8115,75781.30171,16526.37971,276643.9881,156017.2282,28347.23606,224302.8886,101813.1361,132429.791,76437.80975,137438.5648,102141.2969,276816.4621,164795.4335,107811.8606,84324.33554,87765.44183,106218.4753,127880.0601,61915.62069,160602.5811,112589.2173,51112.53987,58055.75364,84642.44432,110000.5414,149569.0304,546153.7563,748996.8116,188476.0618,35731.72042,343841.06,191540.6354,370117.2256,109798.335,289698.6213,734495.6466,82388.03433,435832.6907,22494.26512,194524.4521,65302.72159,299214.1763,302947.1984,762613.9703,20236.22059,3569552.683,54114.7741,24760.07896,9800.555765,3501173.668,61641.07548,117869.0119,183448.2444,110664.5459,65253.11856,17825.18958,113375.6722,,,,,,,,,,,,,,,,,,,,,,,,,,,,,,,,154219.5792,126973.9456,695494.7803,355964.918,261780.0894,98610.4421,,591030.9599,235330.9432,151106.4788,645361.3188,322865.6037,435725.0245,358153.6436,226008.8923,119300.6116,371950.1465,40344.73979,162751.9251,840849.7617,17840.53286,516168.5976,231979.3531,1429345.234,86416.88287,196987.7624,234501.1079,177378.6803,66372.62855,6257.704921,360622.1984,439404.1127,179704.2085,3603646.789,1050290.111,543817.8625,89853.11974,260432.7714,164724.5804,1076073.102,1041028.019,4607442.637,539906.201,192071.0199,1141554.606,413123.0013,324013.9058,613472.1671,412449.2851,1905869.646,803353.2623,527463.8773,159992.1885,1318209.286,679998.7706,309578.2548,173241.7825,125262.5457,224376.1831,1964345.225,702692.3672,49973.11384
"id_20_2-E,3_01_55438.raw",2,,,,,,,,,,,,,,,,,,,,,,,,,,,,,,,,289492.063,122167.9156,451093.9289,90554.6279,10797.39359,96746.39897,1880282.486,68219.14055,2995.407875,4025020.98,330388.2044,51442.89081,15484.42589,34594.51551,9724.873335,11436.16025,124588.5648,2344052.583,147317.1089,24627.32188,10598.49529,27798.09514,18421.83772,33807.44079,15948.41722,5491.460598,30405.46572,13259.1799,57458.13945,75610.12311,16680.49465,203913.6556,50578.05511,353481.3937,60183.13496,8574.686722,2793.1969,58296.16644,93450.80407,49010.9485,44512.29044,318788.9826,79364.00684,189720.6208,93961.23362,20698.20732,23486.6194,34047.95547,75751.74258,108613.4763,36337.0018,9178.402858,30687.11687,11291.17414,37810.45602,7165.742829,11674.95756,7306.890607,10015.93101,49145.61542,17442.53449,5089.679543,32736.56992,108738.1354,34358.28631,78106.1082,23949.61226,129725.8154,67505.76977,89038.81297,40337.42256,212149.7047,30741.96044,147986.378,23083.81328,69073.16532,31675.98588,16383.90002,91286.58099,97022.36958,29606.88223,29920.90152,113720.2085,16576.42489,17122.77605,33476.34297,27905.3614,20699.3639,12597.91683,21831.00366,41871.26605,23298.74293,96269.07592,10102152.04,586524.6292,21952322.45,2257830.961,37172.28384,232077.4272,875217.9431,5770442.129,706943.1815,418096.3244,14515750.29,390425.626,450856.9621,1146404.857,133495.6458,26721.92456,3910808.029,311604.0689,3439242.284,459519.7836,168475.4433,270562.3072,83296.78455,395833.8761,168647.917,30700.02415,38250.07402,32449.51346,47174.37591,411013.9607,33094.76603
"id_20_2-E,3_01_55438.raw",3,,,,,,,,,,,,,,,,,,,,,,,,,,,,,,,,714668.8053,473580.4352,288154.8648,146426.9484,93391.42713,105625.7388,264756.8223,29511.19777,188794.7343,490614.8823,147590.7658,286372.7752,14194.49352,46986.94096,141774.7453,63067.90277,12034.02327,641282.3725,652300.0365,147791.2971,65515.35546,104138.57,134500.9424,125414.9273,86033.65872,38294.31658,86687.45995,29508.67474,121551.9694,132743.3634,26096.99358,80976.15977,253175.5205,72849.54731,147870.4164,36859.87887,13153.57648,28247.63646,695232.6515,51020.17273,24548.98778,191775.9236,95590.59846,159058.3539,152488.8842,85403.10159,54304.32816,182226.209,141965.843,27129.3403,99835.78648,14239.26295,100240.0582,32168.27613,111816.0472,46807.15404,14108.23318,73321.19491,39569.57163,48660.65353,153665.2834,44977.97599,120374.2296,158368.4996,10370.27854,371776.3053,764551.6497,175758.2114,64486.70106,100747.6196,109961.3569,272141.5788,75660.60501,198607.4432,1012861.705,380832.9061,90580.84744,175520.5743,12785.77071,,37633.77405,7339462.243,75016.18754,764662.4313,22942.37645,7734487.224,149870.4303,234978.4988,408608.1052,271957.1368,87199.24804,85043.55521,435699.2002,504207.3396,176242.5921,4025664.551,944366.541,469662.9521,58596.42074,86639.30604,198757.0631,1202766.273,342045.5182,5320302.19,649163.7201,107588.6173,1167867.512,530325.0709,247318.7816,544027.0123,288778.3394,2011288.515,807397.1143,539250.9503,241485.4642,1731082.531,770898.5071,262219.9596,112436.3569,87867.33702,187725.5438,3729356.047,771571.3107,49057.71233
"id_22_2-H,2_01_55423.raw",2,2482152.023,201726.8785,4941720.318,236505.7627,36860.78574,89625.1191,333120.8474,1990713.752,175908.6175,126329.4272,1211180.653,143771.8576,60131.71593,78907.56566,54322.13331,16654.1214,2312451.73,141725.2662,339783.3307,28804.44481,13350.82756,81265.51076,31771.02849,49635.40716,31099.9532,20279.67954,46816.89432,22809.46861,57940.16866,139294.8785,36067.15113,320653.8305,46780.94998,10207.9071,15893.16753,12655.58432,41022.77859,59713.82742,20599.85859,308254.1073,8094.067108,27243.90507,22412.09641,44393.9085,12916.53683,16715.27792,12930.45438,68635.10529,35979.66758,30487.80139,31041.72786,9397.050226,16531.30783,16222.10783,34143.95051,19157.1053,17418.53823,11974.401,14978.023,14037.87699,9467.697016,15151.65804,688808.8913,88355.20386,903751.5938,361931.5171,19255.43005,146324.9046,151422.9375,833540.0741,37942.61859,150527.8902,586832.1279,49351.69394,32802.49113,601344.7848,45728.42821,20537.96387,475297.6878,180133.3827,228687.7686,21918.16676,13286.57157,32536.44564,1292.386908,32331.71505,243348.7143,27868.30697,23171.85825,24970.3213,64183.91166,31394.88836,17174.41174,10772910.93,1081662.031,17778204.45,1104887.875,25238.7495,681007.1839,1791208.521,10668668.43,902516.4506,396034.2775,6718589.754,193953.0547,117135.0219,352141.8516,67136.02812,21913.47694,11749436.64,366068.3972,1931727.782,106296.4342,41190.18521,85988.52737,34355.13474,96428.04471,38416.5967,34704.0858,9693.960532,16243.07548,43508.20861,906758.4677,,72258.51783,26182.91597,73650.59668,87511.16892,26599.9,519954.6331,1360789.254,71484.77886,1049857.184,1396290.242,77468.47692,176878.6797,76978.74191,12805.6399,15482.90697,31728.16571,48679.71443,496000.167,58499.8973,28517.99558,59120.09456,49135.23922,14910.92629,15253.64007,23354.89797,9715.40466,50787.53313,9255.223472,75471.70844,188822.8303,33208.91974
"id_22_2-H,2_01_55423.raw",3,40389.34288,26429.25007,968007.8035,192587.2702,61890.00556,64447.48701,83020.39326,417022.1308,285970.4722,80413.95619,445697.3709,130037.5831,137016.8859,99797.77956,258087.1705,45258.28141,387922.9748,249285.664,138077.4998,70894.21052,128051.1589,96405.56029,120971.6721,65340.65127,107952.1616,60495.47628,56971.56072,83854.24413,50060.03817,186612.6346,157685.5285,623116.8825,748079.6916,191772.7595,115113.1714,24160.9771,67395.54052,387046.7649,75065.51332,275078.7967,68079.57247,119001.3764,268959.4821,79169.51791,204032.1093,57526.47436,86127.13065,103331.9562,47681.61639,174863.3848,,240879.2306,13994.53579,111653.5481,54851.23435,15867.03778,3929.383064,132085.3659,11817.6977,34717.05883,,49879.72706,366742.0029,186634.3322,1389759.661,281517.5128,104712.9766,180992.5972,298140.4285,1777600.603,114258.9317,374924.8855,1185094.321,93420.14668,150261.951,540901.3974,367381.8214,86376.17885,1511787.779,283014.772,486879.7986,58406.12798,173533.168,273112.2273,25816.19273,71787.28681,332211.2934,44557.95832,214173.6472,60683.75852,139422.756,428151.4054,464170.4871,231960.6286,147928.6516,3059268.141,273699.5126,334114.3861,329017.9716,25405.79762,1108201.74,1018606.759,292340.905,2369584.333,466391.6822,151171.1874,160709.0178,205841.5951,303636.3508,1881661.581,478549.3798,1125371.098,1541909.18,170351.8319,528664.9799,703729.8617,1704760.66,147120.0529,205036.7531,19094.30625,135240.0397,225671.0442,420194.7694,71518.87607,440717.2578,264004.5665,43763.93958,924477.3545,119521.3673,55797.78906,995704.7142,,235423.3002,2983162.567,12997.78206,321630.0273,102271.0787,606016.4628,125493.7475,225383.3533,60764.25657,1274309.544,96439.51496,55301.85339,111750.997,77812.95755,383570.7335,56745.03453,80861.88019,159670.3574,249827.3328,166015.2642,2814963.109,1439122.173,2187.229753
"id_23_2-F,1_01_55393.raw",2,,,,,,,,,,,,,,,,,,,,,,,,,,,,,,,,201275.3847,63281.10194,9811.196038,11993.33147,10827.79862,32950.36059,478803.8393,42107.8571,445897.1136,37987.58038,27274.33065,21854.58141,36025.85027,10665.26304,19967.59845,11245.59279,103099.7087,258074.2709,36022.43144,33380.19431,9444.982937,8882.170967,24669.50748,34166.68564,15282.27999,18311.89412,18537.48251,12447.9646,6543.840922,17015.81905,15900.10636,790396.6487,94492.07993,1006660.908,478608.8947,25549.00119,141523.5492,140309.4344,542835.5337,25295.68055,124129.2437,667470.4628,36551.60913,37165.66987,817559.9376,73905.63793,22923.73954,533924.8593,154324.1043,226926.5844,25488.97146,17014.86074,44603.91623,5600.968851,30789.7435,339415.5711,36940.27158,27974.00452,35383.00314,29625.33497,27039.76822,29329.93322,11844106.39,1184142.547,19963806.02,1339642.208,41308.22529,809325.4446,2343419.318,12317761.61,1067211.431,452684.4099,7780279.577,247591.9346,163455.7878,411528.5042,83851.98114,33899.72249,14602847.34,520375.7553,2512679.107,154297.2506,55873.1189,111233.2562,38818.39698,129288.0556,24942.98725,49489.65493,17443.89428,27573.19652,53406.03434,1246331.974,25770.17535,4077525.265,183309.3218,9058572.923,634618.0395,23810.456,439323.4263,1489470.027,1655335.874,1594907.443,1484061.062,5839045.749,360177.0617,211742.4502,380002.5349,39695.23445,44910.10565,1336833.686,570174.3846,1224774.85,135564.6384,116773.3702,69289.65126,30556.45612,115314.1646,46791.24085,14992.72478,76367.60365,17729.82109,102899.0691,370759.2783,38773.32775
"id_23_2-F,1_01_55393.raw",3,,,,,,,,,,,,,,,,,,,,,,,,,,,,,,,,519805.0225,1473309.805,277026.2711,69103.85969,15132.59358,97855.28838,174332.0242,146421.1324,313741.6535,176444.4771,81594.10506,89185.8372,,211903.1211,9762.268105,98835.02154,133896.3499,182736.3112,896956.3902,,172868.3806,3846.987825,74917.30178,41618.65229,55610.33587,10856.34101,86658.72663,25342.84219,16166.75131,,45695.26207,500396.8794,299795.3108,1654317.879,422047.9559,176980.8673,313045.5853,244944.7529,1013625.54,114260.9701,212345.7201,1138330.64,52059.01963,88309.5265,666150.2344,383544.14,48975.54137,1539554.952,369561.3297,481658.3329,62534.91951,212507.9454,297400.0013,23762.98956,74221.23953,388371.5766,23955.76779,83502.23238,56309.27235,92593.29829,424501.0494,518768.024,215819.6734,148223.0956,3393869.747,488606.2325,540645.2771,381587.4351,,1268496.849,684519.1081,278092.2064,2723280.84,653534.5279,442942.9108,207959.5879,274581.0658,255736.194,2274028.87,230078.0976,1377908.816,3747604.794,211325.6177,311218.2456,789984.8435,3685814.647,130596.7011,193775.8962,88690.92208,183345.4591,99161.59196,324513.1052,136116.2366,183115.09,34405.89461,1642680.109,1432204.191,217628.9052,167477.0827,1161835.672,8337.173445,365802.0352,3148728.413,2179149.024,341952.6034,71370.97467,1047425.139,152038.8109,266682.013,328328.9778,1615467.269,781839.6704,216850.4502,99454.77624,109424.3514,599423.7759,172841.7827,69950.57731,96267.94712,354615.1733,90614.6891,3111277.788,1133943.428,
"id_24_2-C,4_01_55456.raw",2,,,,,,,,,,,,,,,,,,,,,,,,,,,,,,,,536536.9202,113289.8086,588679.3776,91461.16993,13686.36523,22974.66151,70586.47076,280839.0853,732451.0511,105654.312,486516.6189,70096.67704,94935.05825,40355.51232,27568.94073,19964.84683,127916.022,44347.68969,134173.3287,58240.93352,12260.22845,16973.04367,9141.544898,43053.74817,20190.50025,11055.38007,7241.882046,2668.219254,21112.68406,38001.08111,12714.72371,842147.9498,165950.0448,1088701.152,444660.2222,3894.799459,111033.0729,126710.363,363053.5472,34722.62334,139373.9486,506073.8916,15459.86087,32365.04615,335665.4858,65118.58081,10314.31167,338616.7296,83834.26292,99453.16687,7045.132258,6457.548888,6746.758852,21148.41346,6238.234529,35340.48744,20540.00545,47897.65718,27849.89227,8750.706246,6908.248543,28664.84965,14718506.25,1604499.855,29036434.94,1714179.137,38499.66139,738576.525,2170668.729,11849254.52,1056624.044,555516.466,10434844.85,249085.0707,201444.7721,421555.9266,56592.8922,15931.06924,12924892.77,478797.2829,2467348.757,121391.7507,48902.22848,111594.3321,49220.32927,102772.7825,43609.88817,40620.41518,8224.79111,25836.31339,32709.01448,1097039.964,19749.08339,75164.36222,24351.79591,116333.9121,42274.07909,19864.81474,583862.9411,1471447.944,18244.5396,685136.9241,1527684.179,70386.02206,180299.8721,86299.41342,6495.759431,18875.36764,16486.29265,108415.6335,429949.6818,29462.24034,24293.12407,97815.10792,26469.54698,22171.43918,24176.77969,26514.22262,11451.27835,94731.95407,18118.29241,48109.18875,111739.566,73771.72031
"id_24_2-C,4_01_55456.raw",3,,,,,,,,,,,,,,,,,,,,,,,,,,,,,,,,351083.8576,27899.23563,451182.6724,56220.97624,15863.71099,12637.2104,163955.9019,66818.72587,242975.6164,10618.59366,137225.1748,183193.5381,30079.01952,163580.8959,57776.83881,37311.5785,95008.98169,39690.01804,435463.1517,119969.4522,169459.1298,29738.80488,420106.473,258794.292,24533.24763,16956.96259,219249.5365,29110.32292,68.5583076,17869.24518,156033.8264,578204.1079,291349.0422,2134853.053,268954.1517,137344.224,224618.8997,209855.6917,816825.8857,166566.2959,226067.1606,1349419.554,10639.60913,34616.69961,257450.9044,174446.1092,22561.73922,1064643.903,366137.6555,287675.1076,49763.1763,234328.5084,150795.2594,20371.2976,53907.92822,228482.7238,27183.01442,98241.60361,5349.049601,42271.10769,273998.8302,553315.8362,262059.1871,242911.8271,4487999.765,345179.513,198986.1892,332966.9382,20328.54754,1163213.506,1094174.446,237221.1679,3505883.846,559236.1513,175238.4836,193226.6368,267677.5612,197381.6609,1975848.253,473753.3902,1345183.217,599193.2768,131713.651,268314.001,766180.0388,729480.4323,107954.7356,205809.8708,35296.57123,246879.5353,93661.69282,536311.1606,64043.71051,183386.5296,23583.89843,187099.6086,1099759.154,42280.23367,354031.2552,636868.811,,202721.8553,479516.5399,48103.43319,209812.8065,47868.31237,764373.4197,264680.5084,95437.22501,44798.6781,1524746.758,187135.6972,111421.3381,57270.22039,10106.66957,374329.9514,100021.667,49708.68217,171158.3877,552853.8481,164138.9131,3769034.919,811818.3535,38955.71836
"stand_01_2-B,4_01_55453.raw",2,174006.5354,150863.933,119716.0432,25699.77009,4568.641553,14979.93477,31406.59254,54395.24472,836856.756,30516.25397,58770.56452,1343303.144,522134.1824,26147.82422,5305.29336,9180.005589,48934.2968,43421.57046,30147.09948,215472.5816,27333.44748,146733.8963,37426.08952,219127.258,7549.946127,7308.76319,13202.40464,5745.166445,11651.3229,47122.43297,14051.38264,9766036.964,1166655.662,22442621.45,4495831.332,93232.70337,107424.6199,1080913.397,4261810.897,287883.8365,3293870.75,18518771.79,2531129.524,270596.2052,2283398.047,41616.55331,15855.02312,128487.2843,1870959.188,5993200.574,2723119.522,73068.37601,401324.5757,36719.44917,2209198.647,401321.7484,100697.5664,49335.66323,76405.43694,22147.14722,78537.26723,20556.74416,5881751.489,1934994.254,12511332,3051074.484,82277.60155,26671.4572,731059.8949,3811000.909,278494.6859,1952753.628,12999930.58,811720.6034,218444.536,3148265.392,95220.96858,29313.08289,119168.6285,951581.9083,4878288.346,2301234.437,76070.4831,284479.3514,53228.73027,1833480.249,465225.8536,85029.38379,31571.55225,74904.19662,30003.71022,48521.29839,14020.41977,,,,,,,,,,,,,,,,,,,,,,,,,,,,,,,,5622259.223,219846.5239,13366132.32,4032267.374,88792.89548,148141.0704,1423772.053,2672156.191,209084.878,3175455.407,10544849.95,1633170.944,135154.5673,2089045.819,89930.11774,17700.63517,64178.88823,2994338.503,3196921.936,2343254.367,90763.25864,295553.1951,31719.93672,1887000.92,321637.3227,75281.46203,43387.69556,72425.1223,29149.13006,92131.16005,33326.23111
"stand_01_2-B,4_01_55453.raw",3,120143.0486,39255.98533,135380.7435,69131.59146,6980.870398,64816.08468,72355.46479,21844.51338,462315.3823,60991.99369,172225.0936,1381933.597,1661012.901,176564.1954,71635.03008,207855.8117,97051.38185,67531.78966,14012.06803,462140.814,229826.3421,779673.637,838417.4992,500098.5439,11115.16078,76531.20415,172478.6216,46051.68823,47603.04314,199468.6177,56123.61545,180566.0052,655983.0632,3501742.745,1918888.372,230190.3365,188201.1582,399181.2133,331807.7006,786445.9825,641532.9786,5452172.881,3947986.294,239733.3596,2131554.873,233954.9326,249496.6422,137834.0836,637609.1289,2739987.441,5637259.287,297352.8675,720925.2502,311333.6444,4671606.682,609019.3033,365823.8491,214728.1374,356921.2388,,210089.5478,384156.8,132176.0088,496549.1548,2420745.85,1549424.599,294813.9721,358351.8985,,381013.3115,556245.7262,705397.5892,5671363.612,2097826.534,84962.25142,3034354.603,451676.6698,370507.1773,185115.7073,561079.5432,2678518.09,4527943.355,435677.1848,708772.6864,102396.1327,3714527.701,686687.0716,322410.448,159501.769,278857.4545,43747.99788,314815.9783,51903.13218,,,,,,,,,,,,,,,,,,,,,,,,,,,,,,,,534571.4716,207863.4695,2145256.668,1580083.284,330872.9812,337188.9472,210081.5018,294977.743,492185.7941,771547.2566,3353438.561,3021993.818,202387.2264,2027864.325,1236597.239,98478.45852,113252.2927,2621062.21,1673452.078,4665945.254,241697.1798,2005400.714,1067187.616,3852998.696,446252.6486,523284.4649,701902.1393,502560.0979,3867598.065,452962.9591,326.0758791
"stand_03_2-D,3_01_55435.raw",2,200305.3212,117783.5299,248813.8084,45320.36797,4775.561205,8842.817853,43916.3131,89320.08303,953809.2593,26566.29912,95707.80287,1539161.075,553629.2299,24175.821,3218.690754,5284.608202,99004.80694,50456.66571,27727.4383,233060.8246,35895.44202,152303.4287,79404.76385,254316.6843,11587.30719,4849.925532,11552.07658,11117.50985,21450.3842,53606.28933,17307.3842,7083089.283,929711.7564,15107122.39,3243701.26,65695.441,85334.19962,967010.7237,3184291.037,215333.1829,2943950.795,12955956.3,1681095.196,191150.7165,1750359.826,28747.96466,11223.22788,139221.1418,1743753.731,4332913.23,1861944.822,63903.50342,323085.9274,18772.5175,1522879.505,325951.5315,75965.77521,37878.59898,75955.07967,6794.287643,66319.57606,8828.39375,6487124.937,1744973.272,13402296.84,2999056.146,76700.05593,52881.90785,719491.1981,4440120.847,301105.7771,1743377.893,14340875.54,743947.1614,254820.2799,3133928.988,103004.6425,26307.5404,640917.6009,874642.5507,5127463.309,2113097.005,98124.05684,274982.5843,65928.98069,1645695.29,484352.0296,89526.5705,34021.98659,72265.31348,20431.76418,78922.41275,12199.53953,141736.5765,27196.05123,55446.29331,35910.00368,63772.93828,471692.7877,26569.72499,126240.2334,93496.912,27039.87361,30182.03677,75346.77187,11393.89318,42189.19523,118884.6591,6276.99392,25246.5083,13393.08937,68322.62102,23278.711,37162.46937,53599.40213,9767.375779,18966.82651,10795.68509,9432.07915,21305.26197,8328.805469,34029.60746,122853.1831,39019.66017,4861852.595,181959.2105,11581219.98,3618660.711,82014.50404,136277.3736,1583835.409,2313833.236,184243.6575,3415635.212,9317437.796,1335932.642,120284.2226,1913317.463,89530.58009,19713.14924,71074.28445,3324884.685,2821842.055,1918690.897,68334.72342,257144.5019,23268.08185,1607323.257,322826.4769,62568.6652,30359.32866,57712.65661,24495.48993,98378.52802,20560.25157
"stand_03_2-D,3_01_55435.raw",3,114035.2851,18425.47903,170934.5411,112676.0852,1557.828988,127653.6633,87857.2964,94050.29337,547747.0078,108312.4552,226546.6996,1605215.962,1965040.106,147708.3067,96124.23102,187148.4756,52185.7023,21877.49746,11618.07038,508867.9277,235482.7564,948130.0898,766569.7576,550059.2523,6725.388939,91448.69919,159846.898,53955.5577,39628.91928,337311.9219,48557.7708,178180.6014,887809.077,2712531.58,1448136.831,228347.7092,246766.8205,433512.4333,207120.4329,773789.5516,497202.6751,4144415.493,2840978.63,279236.9937,1731490.038,147329.4972,293595.2849,229286.6347,656401.6283,2242506.108,4128202.106,241070.4321,568942.3123,254199.7487,3332137.983,520942.6397,323677.0513,158571.1674,281662.9512,,134095.5221,355467.3224,228602.4621,581175.6705,2709890.65,1463661.967,420951.7989,369676.9324,22175.73313,292671.1897,642415.7554,619677.3141,6419242.663,2021610.221,134736.9411,3027493.426,462020.315,536127.6745,403874.994,499019.3252,3009557.765,4218714.689,508149.182,538802.556,93673.5499,3390623.116,668387.2132,335587.4562,109096.8844,337610.6491,21838.15119,308478.8699,72900.00548,123306.8926,103236.4176,222973.8388,191400.1765,1005300.081,1000886.677,86948.22326,326274.9282,184286.2781,28546.13748,47409.96888,379475.8318,125491.5235,50100.75312,72810.15472,145217.684,22717.25167,11643.3542,533111.0082,255358.3595,93452.68075,262751.9755,36420.87708,333760.9391,946868.196,312916.8036,89873.94621,307053.5168,37615.11287,176834.2301,1350992.804,452671.0748,127958.1661,1928943.866,1408461.232,379292.5451,277599.8952,318704.5802,309830.3166,556473.2181,737039.9316,3122595.309,2630989.933,224650.8429,1913724.684,1306763.023,146348.8038,194499.6849,2624439.72,1613030.668,4027926.752,291058.6882,1659714.261,714442.2238,3249632.339,418538.0375,602905.5223,458756.4756,675019.0089,2803430.528,422134.6239,3611.371525
